rec_idx,title,company,location,career,education,deadline,link,crawled_at
52054792,2025년 하반기 ㈜시스메이트 신입/경력 사원 채용,(주)시스메이트,대전유성구,신입·경력,초대졸↑,~ 11/14(금),https://www.saramin.co.kr/zf_user/jobs/relay/view?view_type=search&rec_idx=52054792&location=ts&searchType=search&paid_fl=n&search_uuid=25054fcd-94fc-49c2-bdf2-2b62d4983448,2025-10-25 06:45:56
51900693,[Laservall_수원/구미(경북)] 2025년 4분기 분야별 공개 채용,(주)레이저발테크놀러지,경기수원시 권선구,신입·경력,초대졸↑,~ 10/31(금),https://www.saramin.co.kr/zf_user/jobs/relay/view?view_type=search&rec_idx=51900693&location=ts&searchType=search&paid_fl=n&search_uuid=25054fcd-94fc-49c2-bdf2-2b62d4983448,2025-10-25 06:45:56
52068864,신입 및 경력직원 채용공고,(주)유엔에이엔지니어링,경기군포시,신입·경력,학력무관,~ 11/16(일),https://www.saramin.co.kr/zf_user/jobs/relay/view?view_type=search&rec_idx=52068864&location=ts&searchType=search&paid_fl=n&search_uuid=25054fcd-94fc-49c2-bdf2-2b62d4983448,2025-10-25 06:45:56
51700985,[로봇개발본부] 이동로봇 관제 서버(ACS) S/W개발 (전문연 가능),(주)트위니,대전유성구,경력무관,초대졸↑,채용시,https://www.saramin.co.kr/zf_user/jobs/relay/view?view_type=search&rec_idx=51700985&location=ts&searchType=search&paid_fl=n&search_uuid=25054fcd-94fc-49c2-bdf2-2b62d4983448,2025-10-25 06:45:56
52046344,[공채] 세림 공개채용 - 시스템 엔지니어 / SW 개발자 / IT영업,세림티에스지(주),대전전체,신입·경력,초대졸↑,~ 10/31(금),https://www.saramin.co.kr/zf_user/jobs/relay/view?view_type=search&rec_idx=52046344&location=ts&searchType=search&paid_fl=n&search_uuid=25054fcd-94fc-49c2-bdf2-2b62d4983448,2025-10-25 06:45:56
51951354,2025년 해커스 교육그룹 [신입/경력] 각 부문별 채용공고,해커스교육그룹,대구전체,신입·경력,학력무관,상시채용,https://www.saramin.co.kr/zf_user/jobs/relay/view?view_type=search&rec_idx=51951354&location=ts&searchType=search&paid_fl=n&search_uuid=25054fcd-94fc-49c2-bdf2-2b62d4983448,2025-10-25 06:45:56
52051199,IT기술영업 네트워크구축 컴퓨터유지보수분야  / 경리보조업무,(주)대한정보,대구북구,신입·경력,학력무관,~ 10/31(금),https://www.saramin.co.kr/zf_user/jobs/relay/view?view_type=search&rec_idx=52051199&location=ts&searchType=search&paid_fl=n&search_uuid=25054fcd-94fc-49c2-bdf2-2b62d4983448,2025-10-25 06:45:56
51953338,㈜위즈코리아 '25년 하반기 신입/경력 사원 모집,(주)위즈코리아,대구전체,신입·경력,학력무관,~ 10/31(금),https://www.saramin.co.kr/zf_user/jobs/relay/view?view_type=search&rec_idx=51953338&location=ts&searchType=search&paid_fl=n&search_uuid=25054fcd-94fc-49c2-bdf2-2b62d4983448,2025-10-25 06:45:56
52014375,2025년 시스템 엔지니어 모집(신입/경력),(주)컴솔텍,부산남구,신입·경력,학력무관,~ 10/29(수),https://www.saramin.co.kr/zf_user/jobs/relay/view?view_type=search&rec_idx=52014375&location=ts&searchType=search&paid_fl=n&search_uuid=25054fcd-94fc-49c2-bdf2-2b62d4983448,2025-10-25 06:45:56
52059579,신일제약㈜ 2025년 하반기 수시채용,신일제약(주),대전전체,신입·경력,학력무관,~ 10/27(월),https://www.saramin.co.kr/zf_user/jobs/relay/view?view_type=search&rec_idx=52059579&location=ts&searchType=search&paid_fl=n&search_uuid=25054fcd-94fc-49c2-bdf2-2b62d4983448,2025-10-25 06:45:56
51757300,한국특수가스㈜ 부문별 신입 및 경력 채용,한국특수가스(주),전북익산시,신입·경력,학력무관,~ 11/07(금),https://www.saramin.co.kr/zf_user/jobs/relay/view?view_type=search&rec_idx=51757300&location=ts&searchType=search&paid_fl=n&search_uuid=25054fcd-94fc-49c2-bdf2-2b62d4983448,2025-10-25 06:45:56
51939087,"PM, QA, Tester 신입/경력",(주)엔디소프트,부산해운대구,경력무관,학력무관,~ 10/29(수),https://www.saramin.co.kr/zf_user/jobs/relay/view?view_type=search&rec_idx=51939087&location=ts&searchType=search&paid_fl=n&search_uuid=25054fcd-94fc-49c2-bdf2-2b62d4983448,2025-10-25 06:45:56
51670081,[3M] 한국쓰리엠 신입/경력사원 모집 안내,한국쓰리엠(주),부산전체,신입·경력,대졸↑,~ 10/31(금),https://www.saramin.co.kr/zf_user/jobs/relay/view?view_type=search&rec_idx=51670081&location=ts&searchType=search&paid_fl=n&search_uuid=25054fcd-94fc-49c2-bdf2-2b62d4983448,2025-10-25 06:45:56
51927018,보안시스템 기술지원 엔지니어 모집(신입 0명),오픈정보기술주식회사,대구동구,신입,초대졸↑,채용시,https://www.saramin.co.kr/zf_user/jobs/relay/view?view_type=search&rec_idx=51927018&location=ts&searchType=search&paid_fl=n&search_uuid=25054fcd-94fc-49c2-bdf2-2b62d4983448,2025-10-25 06:45:56
51782191,[엘씨텍]방산 전문업체 전산총무 담당자(계약직) 모집,엘씨텍(주),경북구미시,신입,초대졸↑,채용시,https://www.saramin.co.kr/zf_user/jobs/relay/view?view_type=search&rec_idx=51782191&location=ts&searchType=search&paid_fl=n&search_uuid=25054fcd-94fc-49c2-bdf2-2b62d4983448,2025-10-25 06:45:56
52106977,KBI동국실업 신입/경력사원 모집,케이비아이동국실업(주),울산전체,신입·경력,초대졸↑,~ 11/02(일),https://www.saramin.co.kr/zf_user/jobs/relay/view?view_type=search&rec_idx=52106977&location=ts&searchType=search&paid_fl=n&search_uuid=25054fcd-94fc-49c2-bdf2-2b62d4983448,2025-10-25 06:45:56
52132942,정보시스템 유지관리(네트워크/보안 분야) 채용,(주)윌코모시스템즈,대전유성구,경력무관,초대졸↑,채용시,https://www.saramin.co.kr/zf_user/jobs/relay/view?view_type=search&rec_idx=52132942&location=ts&searchType=search&paid_fl=n&search_uuid=25054fcd-94fc-49c2-bdf2-2b62d4983448,2025-10-25 06:45:56
51991222,2025년 NH농협캐피탈 신규직원 채용 공고,엔에이치농협캐피탈(주),부산전체,경력무관,학력무관,~ 10/27(월),https://www.saramin.co.kr/zf_user/jobs/relay/view?view_type=search&rec_idx=51991222&location=ts&searchType=search&paid_fl=n&search_uuid=25054fcd-94fc-49c2-bdf2-2b62d4983448,2025-10-25 06:45:56
52079290,"[엔지니어] 라우터, 백본 등 네트워크 장비 구축 엔지니어(3명)",주식회사 유씨아이,대전서구,신입·경력,초대졸↑,~ 11/19(수),https://www.saramin.co.kr/zf_user/jobs/relay/view?view_type=search&rec_idx=52079290&location=ts&searchType=search&paid_fl=n&search_uuid=25054fcd-94fc-49c2-bdf2-2b62d4983448,2025-10-25 06:45:56
52040994,(주)애니아이티 정보 보안 및 시스템 엔지니어 모집,(주)애니아이티,대구달서구,신입·경력,학력무관,~ 11/14(금),https://www.saramin.co.kr/zf_user/jobs/relay/view?view_type=search&rec_idx=52040994&location=ts&searchType=search&paid_fl=n&search_uuid=25054fcd-94fc-49c2-bdf2-2b62d4983448,2025-10-25 06:45:56
52026340,주식회사엠제이솔루션 네트워크 엔지니어 모집,주식회사엠제이솔루션,대전유성구,신입·경력,초대졸↑,~ 11/13(목),https://www.saramin.co.kr/zf_user/jobs/relay/view?view_type=search&rec_idx=52026340&location=ts&searchType=search&paid_fl=n&search_uuid=25054fcd-94fc-49c2-bdf2-2b62d4983448,2025-10-25 06:45:56
51975420,[신입/경력] 보안관제 · 보안시스템 운영 인재 모집,한국아이티진흥(주),대전유성구,경력무관,초대졸↑,상시채용,https://www.saramin.co.kr/zf_user/jobs/relay/view?view_type=search&rec_idx=51975420&location=ts&searchType=search&paid_fl=n&search_uuid=25054fcd-94fc-49c2-bdf2-2b62d4983448,2025-10-25 06:45:56
52003213,"네트워크, 정보 보안, 서버 엔지니어 모집",(주) 이노스벤,대구달서구,신입·경력,초대졸↑,~ 11/10(월),https://www.saramin.co.kr/zf_user/jobs/relay/view?view_type=search&rec_idx=52003213&location=ts&searchType=search&paid_fl=n&search_uuid=25054fcd-94fc-49c2-bdf2-2b62d4983448,2025-10-25 06:45:56
51989870,사이버보안 솔루션 개발자 모집공고(신입/경력),(주)스마트엠투엠,부산해운대구,신입·경력,대졸↑,~ 11/09(일),https://www.saramin.co.kr/zf_user/jobs/relay/view?view_type=search&rec_idx=51989870&location=ts&searchType=search&paid_fl=n&search_uuid=25054fcd-94fc-49c2-bdf2-2b62d4983448,2025-10-25 06:45:56
51964767,"네트워크, 서버, 보안(정보통신) 직원 모집",(주)윌네트,경남진주시,경력무관,학력무관,~ 10/31(금),https://www.saramin.co.kr/zf_user/jobs/relay/view?view_type=search&rec_idx=51964767&location=ts&searchType=search&paid_fl=n&search_uuid=25054fcd-94fc-49c2-bdf2-2b62d4983448,2025-10-25 06:45:56
51840844,네트워크 및 보안 엔지니어 정규직 채용(신입&경력),지엘네트웍스,경남창원시,경력무관,초대졸↑,~ 11/15(토),https://www.saramin.co.kr/zf_user/jobs/relay/view?view_type=search&rec_idx=51840844&location=ts&searchType=search&paid_fl=n&search_uuid=25054fcd-94fc-49c2-bdf2-2b62d4983448,2025-10-25 06:45:56
51850888,풀스택 서비스 개발 엔지니어 채용,유니버셜마린테크(주),부산남구,경력무관,대졸↑,채용시,https://www.saramin.co.kr/zf_user/jobs/relay/view?view_type=search&rec_idx=51850888&location=ts&searchType=search&paid_fl=n&search_uuid=25054fcd-94fc-49c2-bdf2-2b62d4983448,2025-10-25 06:45:56
51828306,(대구)대구지역 공공기관 전산센터-보안관제 모니터링 직원채용,(주)한빛에스아이,대구동구,경력무관,대졸↑,채용시,https://www.saramin.co.kr/zf_user/jobs/relay/view?view_type=search&rec_idx=51828306&location=ts&searchType=search&paid_fl=n&search_uuid=25054fcd-94fc-49c2-bdf2-2b62d4983448,2025-10-25 06:45:56
51723220,컴퓨터(서버/네트워크/보안/OA) 엔지니어 (서울/경기/대전/대구),(주)델타시스템,대전유성구,경력무관,초대졸↑,~ 11/01(토),https://www.saramin.co.kr/zf_user/jobs/relay/view?view_type=search&rec_idx=51723220&location=ts&searchType=search&paid_fl=n&search_uuid=25054fcd-94fc-49c2-bdf2-2b62d4983448,2025-10-25 06:45:56
51716312,(주)대건소프트 Cyber Security Engineer 채용,(주)대건소프트,대전유성구,경력무관,초대졸↑,~ 10/31(금),https://www.saramin.co.kr/zf_user/jobs/relay/view?view_type=search&rec_idx=51716312&location=ts&searchType=search&paid_fl=n&search_uuid=25054fcd-94fc-49c2-bdf2-2b62d4983448,2025-10-25 06:45:56
51678870,(주)비피에스 - PLC 데이터 인터페이스 및 시스템 개발자 모집,(주)비피에스,경북포항시 남구,경력무관,학력무관,채용시,https://www.saramin.co.kr/zf_user/jobs/relay/view?view_type=search&rec_idx=51678870&location=ts&searchType=search&paid_fl=n&search_uuid=25054fcd-94fc-49c2-bdf2-2b62d4983448,2025-10-25 06:45:56
51679574,"강림중공업, 강림인슈 신입/경력 채용",강림중공업(주),부산전체,신입·경력,학력무관,~ 12/31(수),https://www.saramin.co.kr/zf_user/jobs/relay/view?view_type=search&rec_idx=51679574&location=ts&searchType=search&paid_fl=n&search_uuid=25054fcd-94fc-49c2-bdf2-2b62d4983448,2025-10-25 06:45:56
52127883,[한스바이오메드] 본사/대전연구소 수시채용,한스바이오메드(주),대전전체,신입·경력,고졸↑,~ 12/21(일),https://www.saramin.co.kr/zf_user/jobs/relay/view?view_type=search&rec_idx=52127883&location=ts&searchType=search&paid_fl=n&search_uuid=25054fcd-94fc-49c2-bdf2-2b62d4983448,2025-10-25 06:45:56
52084971,한국전자기술연구원 2025년 정규직 공개채용 공고,한국전자기술연구원,경기성남시 분당구,신입·경력,대졸↑,~ 11/06(목),https://www.saramin.co.kr/zf_user/jobs/relay/view?view_type=search&rec_idx=52084971&location=ts&searchType=search&paid_fl=n&search_uuid=25054fcd-94fc-49c2-bdf2-2b62d4983448,2025-10-25 06:45:56
52097225,IT 엔지니어 보안 Chakra 신입 또는 경력 채용,(주)트루인테크놀로지스,대전서구,신입·경력,초대졸↑,~ 11/30(일),https://www.saramin.co.kr/zf_user/jobs/relay/view?view_type=search&rec_idx=52097225&location=ts&searchType=search&paid_fl=n&search_uuid=25054fcd-94fc-49c2-bdf2-2b62d4983448,2025-10-25 06:45:56
51682759,(주)원로보틱스 S/W 개발 엔지니어 채용,(주)원로보틱스,경북구미시,경력무관,초대졸↑,~ 10/27(월),https://www.saramin.co.kr/zf_user/jobs/relay/view?view_type=search&rec_idx=51682759&location=ts&searchType=search&paid_fl=n&search_uuid=25054fcd-94fc-49c2-bdf2-2b62d4983448,2025-10-25 06:45:56
52126650,포인드(주) 인공지능·딥러닝 개발자(신입) 채용,포인드(주),경북구미시,신입,초대졸↑,~ 11/23(일),https://www.saramin.co.kr/zf_user/jobs/relay/view?view_type=search&rec_idx=52126650&location=ts&searchType=search&paid_fl=n&search_uuid=25054fcd-94fc-49c2-bdf2-2b62d4983448,2025-10-25 06:45:56
52087890,"[대전지점] 시스템 엔지니어(네트워크, 서버, 보안시스템)",(주)이레솔루션,대전유성구,신입,초대졸↑,~ 11/19(수),https://www.saramin.co.kr/zf_user/jobs/relay/view?view_type=search&rec_idx=52087890&location=ts&searchType=search&paid_fl=n&search_uuid=25054fcd-94fc-49c2-bdf2-2b62d4983448,2025-10-25 06:45:56
51896622,(주)신우씨앤에스 정보통신 기술자 모집,(주)신우씨앤에스,대전동구,신입,고졸↑,~ 11/22(토),https://www.saramin.co.kr/zf_user/jobs/relay/view?view_type=search&rec_idx=51896622&location=ts&searchType=search&paid_fl=n&search_uuid=25054fcd-94fc-49c2-bdf2-2b62d4983448,2025-10-25 06:45:56
51994270,(부산근무)생성형 AI데이터 사이언티스트,(주)애자일소다,부산전체,신입,대졸↑,~ 11/08(토),https://www.saramin.co.kr/zf_user/jobs/relay/view?view_type=search&rec_idx=51994270&location=ts&searchType=search&paid_fl=n&search_uuid=25054fcd-94fc-49c2-bdf2-2b62d4983448,2025-10-25 06:45:56
52053416,펜타시스템 39기 신입사원 공개채용,펜타시스템테크놀러지(주),대전전체,신입,대졸↑,~ 11/03(월),https://www.saramin.co.kr/zf_user/jobs/relay/view?view_type=search&rec_idx=52053416&location=ts&searchType=search&paid_fl=n&search_uuid=d39581ed-0066-40d5-bc07-983a696d8be1,2025-10-25 06:45:58
52053437,[대전] 보안 솔루션 방문/원격 기술지원 엔지니어 채용 (신입),(주)지란지교데이터,대전유성구,신입,학력무관,~ 10/31(금),https://www.saramin.co.kr/zf_user/jobs/relay/view?view_type=search&rec_idx=52053437&location=ts&searchType=search&paid_fl=n&search_uuid=d39581ed-0066-40d5-bc07-983a696d8be1,2025-10-25 06:45:58
51976981,[채용공고] 정보통신 기술자 (신입) 모집,(주) 에스엠에이시스템,울산남구,신입,대졸↑,~ 10/31(금),https://www.saramin.co.kr/zf_user/jobs/relay/view?view_type=search&rec_idx=51976981&location=ts&searchType=search&paid_fl=n&search_uuid=d39581ed-0066-40d5-bc07-983a696d8be1,2025-10-25 06:45:58
51944428,전산 분야 신입 직원 모집  (C# / SQL) - 제조업,한영산업(주),부산전체,신입,초대졸↑,채용시,https://www.saramin.co.kr/zf_user/jobs/relay/view?view_type=search&rec_idx=51944428&location=ts&searchType=search&paid_fl=n&search_uuid=d39581ed-0066-40d5-bc07-983a696d8be1,2025-10-25 06:45:58
52055152,(경주) 정보통신 초급 기술 유지보수 엔지니어 모집,(주)라임에스엔씨,경북경주시,경력무관,학력무관,~ 11/15(토),https://www.saramin.co.kr/zf_user/jobs/relay/view?view_type=search&rec_idx=52055152&location=ts&searchType=search&paid_fl=n&search_uuid=d39581ed-0066-40d5-bc07-983a696d8be1,2025-10-25 06:45:58
51842310,(경주) 네트워크설비 유지보수 엔지니어 모집,(주)라임에스엔씨,경북경주시,경력무관,학력무관,~ 11/15(토),https://www.saramin.co.kr/zf_user/jobs/relay/view?view_type=search&rec_idx=51842310&location=ts&searchType=search&paid_fl=n&search_uuid=d39581ed-0066-40d5-bc07-983a696d8be1,2025-10-25 06:45:58
51992153,각 분야 신입/경력사원 채용공고,(주)스마트비전,대전전체,신입·경력,학력무관,~ 10/31(금),https://www.saramin.co.kr/zf_user/jobs/relay/view?view_type=search&rec_idx=51992153&location=ts&searchType=search&paid_fl=n&search_uuid=d39581ed-0066-40d5-bc07-983a696d8be1,2025-10-25 06:45:58
52120416,SI 기술 영업직(경력/신입) 인원 모집,(주)스피어에이엑스,대구수성구,경력무관,초대졸↑,~ 11/22(토),https://www.saramin.co.kr/zf_user/jobs/relay/view?view_type=search&rec_idx=52120416&location=ts&searchType=search&paid_fl=n&search_uuid=d39581ed-0066-40d5-bc07-983a696d8be1,2025-10-25 06:45:58
52095039,[부산] IT영업 담당자 (신입/경력),에스넷시스템(주),부산해운대구,신입·경력,고졸↑,~ 11/09(일),https://www.saramin.co.kr/zf_user/jobs/relay/view?view_type=search&rec_idx=52095039&location=ts&searchType=search&paid_fl=n&search_uuid=d39581ed-0066-40d5-bc07-983a696d8be1,2025-10-25 06:45:58
52099344,대전 지사 보안/네트워크 엔지니어 채용 [신입/경력],제이큐브데이터(주),대전유성구,경력무관,초대졸↑,~ 11/20(목),https://www.saramin.co.kr/zf_user/jobs/relay/view?view_type=search&rec_idx=52099344&location=ts&searchType=search&paid_fl=n&search_uuid=d39581ed-0066-40d5-bc07-983a696d8be1,2025-10-25 06:45:58
52094012,"[대전] 상주 엔지니어(서버, 스토리지, 보안솔루션, 가상화)",(주)테크아이,대전서구,경력무관,초대졸↑,~ 10/28(화),https://www.saramin.co.kr/zf_user/jobs/relay/view?view_type=search&rec_idx=52094012&location=ts&searchType=search&paid_fl=n&search_uuid=d39581ed-0066-40d5-bc07-983a696d8be1,2025-10-25 06:45:58
52086234,보안솔루션 엔지니어  모집,(주)데이타뱅크,대구수성구,경력무관,초대졸↑,~ 11/19(수),https://www.saramin.co.kr/zf_user/jobs/relay/view?view_type=search&rec_idx=52086234&location=ts&searchType=search&paid_fl=n&search_uuid=d39581ed-0066-40d5-bc07-983a696d8be1,2025-10-25 06:45:58
52042481,"어반리즘 하우스 경력/신입 채용공고(관광, 빅데이터분석)",어반리즘하우스(URBANRISMHAUS),부산해운대구,경력무관,대졸↑,내일마감,https://www.saramin.co.kr/zf_user/jobs/relay/view?view_type=search&rec_idx=52042481&location=ts&searchType=search&paid_fl=n&search_uuid=d39581ed-0066-40d5-bc07-983a696d8be1,2025-10-25 06:45:58
52024863,[정규직] AI 분야 연구개발 소프트웨어 (S/W) 경력 모집 공고,(주)글로벌시스템스,대전유성구,신입·경력,대졸↑,~ 11/13(목),https://www.saramin.co.kr/zf_user/jobs/relay/view?view_type=search&rec_idx=52024863&location=ts&searchType=search&paid_fl=n&search_uuid=d39581ed-0066-40d5-bc07-983a696d8be1,2025-10-25 06:45:58
51925912,2025 하반기 신입/경력 직원채용,(주)한솔오리온텍,울산전체,신입·경력,학력무관,~ 10/28(화),https://www.saramin.co.kr/zf_user/jobs/relay/view?view_type=search&rec_idx=51925912&location=ts&searchType=search&paid_fl=n&search_uuid=d39581ed-0066-40d5-bc07-983a696d8be1,2025-10-25 06:45:58
51953315,"㈜위즈코리아 SE(시스템 엔지니어), PM 채용",(주)위즈코리아,서울강서구,신입·경력,학력무관,~ 10/31(금),https://www.saramin.co.kr/zf_user/jobs/relay/view?view_type=search&rec_idx=51953315&location=ts&searchType=search&paid_fl=n&search_uuid=d39581ed-0066-40d5-bc07-983a696d8be1,2025-10-25 06:45:58
51791509,"GTA Aerospace 하반기 SW 연구개발 인력 모집(신입, 경력)",(주)지티에이에어로스페이스,경남진주시,경력무관,대졸↑,~ 10/31(금),https://www.saramin.co.kr/zf_user/jobs/relay/view?view_type=search&rec_idx=51791509&location=ts&searchType=search&paid_fl=n&search_uuid=d39581ed-0066-40d5-bc07-983a696d8be1,2025-10-25 06:45:58
51938234,"[신입/경력]보안, 서버, 네트워크 시스템 엔지니어 정규직 채용",(주)라이노정보기술,경남김해시,경력무관,학력무관,~ 10/31(금),https://www.saramin.co.kr/zf_user/jobs/relay/view?view_type=search&rec_idx=51938234&location=ts&searchType=search&paid_fl=n&search_uuid=d39581ed-0066-40d5-bc07-983a696d8be1,2025-10-25 06:45:58
51928074,스마트경영부 IT/전산 채용,(주)엔케이에더먼트,부산강서구,경력무관,학력무관,내일마감,https://www.saramin.co.kr/zf_user/jobs/relay/view?view_type=search&rec_idx=51928074&location=ts&searchType=search&paid_fl=n&search_uuid=d39581ed-0066-40d5-bc07-983a696d8be1,2025-10-25 06:45:58
51882950,(주)리노인포텍 보안 솔루션 담당자 채용,(주)리노인포텍,부산해운대구,경력무관,학력무관,상시채용,https://www.saramin.co.kr/zf_user/jobs/relay/view?view_type=search&rec_idx=51882950&location=ts&searchType=search&paid_fl=n&search_uuid=d39581ed-0066-40d5-bc07-983a696d8be1,2025-10-25 06:45:58
51747854,네트워크 엔지니어 모집 (신입/경력),(주)넷티스트,대구동구,신입·경력,학력무관,~ 11/03(월),https://www.saramin.co.kr/zf_user/jobs/relay/view?view_type=search&rec_idx=51747854&location=ts&searchType=search&paid_fl=n&search_uuid=d39581ed-0066-40d5-bc07-983a696d8be1,2025-10-25 06:45:58
51716742,공공기관 정보시스템 보안 기술자 정규직 채용 (신입&경력),(주)연무기술,대전유성구,경력무관,학력무관,~ 11/01(토),https://www.saramin.co.kr/zf_user/jobs/relay/view?view_type=search&rec_idx=51716742&location=ts&searchType=search&paid_fl=n&search_uuid=d39581ed-0066-40d5-bc07-983a696d8be1,2025-10-25 06:45:58
51918094,경영관리부/연구개발부(응용프로그래머)/영업부 채용,(주)한맥아이피에스,대구전체,신입·경력,학력무관,~ 11/04(화),https://www.saramin.co.kr/zf_user/jobs/relay/view?view_type=search&rec_idx=51918094&location=ts&searchType=search&paid_fl=n&search_uuid=d39581ed-0066-40d5-bc07-983a696d8be1,2025-10-25 06:45:58
51997335,"[SK바이오텍] 수시채용(IT기획,보안기획,안전,품질,HR사무서기)",에스케이바이오텍(주),대전전체,신입·경력,고졸↑,~ 11/03(월),https://www.saramin.co.kr/zf_user/jobs/relay/view?view_type=search&rec_idx=51997335&location=ts&searchType=search&paid_fl=n&search_uuid=d39581ed-0066-40d5-bc07-983a696d8be1,2025-10-25 06:45:58
52108922,Tesla Korea 2025년 하반기 공개 채용,테슬라코리아(유),대구전체,신입·경력,학력무관,~ 10/30(목),https://www.saramin.co.kr/zf_user/jobs/relay/view?view_type=search&rec_idx=52108922&location=ts&searchType=search&paid_fl=n&search_uuid=d39581ed-0066-40d5-bc07-983a696d8be1,2025-10-25 06:45:58
52082480,물류로봇 개발자 채용 (경력자우대),(주)벰로보틱스,부산강서구,경력무관,고졸↑,~ 11/19(수),https://www.saramin.co.kr/zf_user/jobs/relay/view?view_type=search&rec_idx=52082480&location=ts&searchType=search&paid_fl=n&search_uuid=d39581ed-0066-40d5-bc07-983a696d8be1,2025-10-25 06:45:58
52083089,[800만명이 선택한 패스오더] '그로스마케터(그로스해커)' 채용,(주)페이타랩,부산전체,경력무관,학력무관,~ 11/19(수),https://www.saramin.co.kr/zf_user/jobs/relay/view?view_type=search&rec_idx=52083089&location=ts&searchType=search&paid_fl=n&search_uuid=d39581ed-0066-40d5-bc07-983a696d8be1,2025-10-25 06:45:58
52105064,[연구소] 전자/통신 설계관련 연구개발 경력직 채용,(주)씨에스텍,대구동구,경력무관,대졸↑,채용시,https://www.saramin.co.kr/zf_user/jobs/relay/view?view_type=search&rec_idx=52105064&location=ts&searchType=search&paid_fl=n&search_uuid=d39581ed-0066-40d5-bc07-983a696d8be1,2025-10-25 06:45:58
51973146,(주)솔리드이엔지  - ICT사업본부 클라우드사업팀 기술영업 모집,(주)솔리드이엔지,대전유성구,신입·경력,학력무관,~ 11/01(토),https://www.saramin.co.kr/zf_user/jobs/relay/view?view_type=search&rec_idx=51973146&location=ts&searchType=search&paid_fl=n&search_uuid=d39581ed-0066-40d5-bc07-983a696d8be1,2025-10-25 06:45:58
52059479,IT 기술지원 인력 채용(보안솔루션 운영 및 구축),한신정보(주),경남창원시,경력무관,초대졸↑,~ 12/15(월),https://www.saramin.co.kr/zf_user/jobs/relay/view?view_type=search&rec_idx=52059479&location=ts&searchType=search&paid_fl=n&search_uuid=d39581ed-0066-40d5-bc07-983a696d8be1,2025-10-25 06:45:58
52046801,시스템 엔지니어(신입&경력)를 모집합니다.,(주)라온정보,대전유성구,경력무관,초대졸↑,~ 10/31(금),https://www.saramin.co.kr/zf_user/jobs/relay/view?view_type=search&rec_idx=52046801&location=ts&searchType=search&paid_fl=n&search_uuid=d39581ed-0066-40d5-bc07-983a696d8be1,2025-10-25 06:45:58
52018661,3차원 시각화 연구&개발 채용(부산),(주)이지스,부산해운대구,경력무관,학력무관,~ 11/30(일),https://www.saramin.co.kr/zf_user/jobs/relay/view?view_type=search&rec_idx=52018661&location=ts&searchType=search&paid_fl=n&search_uuid=d39581ed-0066-40d5-bc07-983a696d8be1,2025-10-25 06:45:58
51982304,[스마트팩토리·DX·AI] 제조IT 웹디자인(퍼블리셔) 개발자 모집,주식회사디엑스플랫폼,대구달서구,경력무관,학력무관,~ 12/03(수),https://www.saramin.co.kr/zf_user/jobs/relay/view?view_type=search&rec_idx=51982304&location=ts&searchType=search&paid_fl=n&search_uuid=d39581ed-0066-40d5-bc07-983a696d8be1,2025-10-25 06:45:58
51975002,2025년 4분기 분야별 공개채용,극동건설(주),대구전체,신입·경력,초대졸↑,~ 10/31(금),https://www.saramin.co.kr/zf_user/jobs/relay/view?view_type=search&rec_idx=51975002&location=ts&searchType=search&paid_fl=n&search_uuid=d39581ed-0066-40d5-bc07-983a696d8be1,2025-10-25 06:45:58
51962629,Back-End 웹/앱 서비스 개발 및 유지보수 인력 채용,(주)스마트엠투엠,부산해운대구,경력무관,대졸↑,~ 11/30(일),https://www.saramin.co.kr/zf_user/jobs/relay/view?view_type=search&rec_idx=51962629&location=ts&searchType=search&paid_fl=n&search_uuid=d39581ed-0066-40d5-bc07-983a696d8be1,2025-10-25 06:45:58
51939080,"개발자(백엔드,AI NLP,AI 데이터처리) 신입/경력 모집",(주)엔디소프트,부산해운대구,경력무관,학력무관,~ 10/29(수),https://www.saramin.co.kr/zf_user/jobs/relay/view?view_type=search&rec_idx=51939080&location=ts&searchType=search&paid_fl=n&search_uuid=d39581ed-0066-40d5-bc07-983a696d8be1,2025-10-25 06:45:58
51928591,기업체 컴퓨터 및 주변기기 유지보수 신입 및 경력-연봉협의,(주)디오시스템,대구달성군,경력무관,학력무관,~ 11/25(화),https://www.saramin.co.kr/zf_user/jobs/relay/view?view_type=search&rec_idx=51928591&location=ts&searchType=search&paid_fl=n&search_uuid=d39581ed-0066-40d5-bc07-983a696d8be1,2025-10-25 06:45:58
51937003,공공기관 관급프로젝트 전기전자통신기계분야 기술직 모집,주식회사 젠탑(GENTOP),경남창원시,신입·경력,대졸↑,~ 10/28(화),https://www.saramin.co.kr/zf_user/jobs/relay/view?view_type=search&rec_idx=51937003&location=ts&searchType=search&paid_fl=n&search_uuid=d39581ed-0066-40d5-bc07-983a696d8be1,2025-10-25 06:45:58
51901319,[씨엠티정보통신(주) 보안연구소] 경력/신입 개발자 채용 [대구],씨엠티정보통신(주),대구동구,신입·경력,학력무관,~ 10/31(금),https://www.saramin.co.kr/zf_user/jobs/relay/view?view_type=search&rec_idx=51901319&location=ts&searchType=search&paid_fl=n&search_uuid=d39581ed-0066-40d5-bc07-983a696d8be1,2025-10-25 06:45:58
51882948,(주)리노인포텍 백엔드 개발자 모집,(주)리노인포텍,부산해운대구,경력무관,학력무관,상시채용,https://www.saramin.co.kr/zf_user/jobs/relay/view?view_type=search&rec_idx=51882948&location=ts&searchType=search&paid_fl=n&search_uuid=d39581ed-0066-40d5-bc07-983a696d8be1,2025-10-25 06:45:58
51850945,[아이넷뱅크] 기술지원 정규직 채용(부산지사),(주)아이넷뱅크,부산해운대구,신입·경력,초대졸↑,~ 11/16(일),https://www.saramin.co.kr/zf_user/jobs/relay/view?view_type=search&rec_idx=51850945&location=ts&searchType=search&paid_fl=n&search_uuid=96e3df51-ccfa-479c-8e9e-c087bf20e6c3,2025-10-25 06:46:00
51813110,[신규/경력] 대전 시스템 엔지니어 모집,다원컴퓨팅(주),대전유성구,신입·경력,대졸↑,채용시,https://www.saramin.co.kr/zf_user/jobs/relay/view?view_type=search&rec_idx=51813110&location=ts&searchType=search&paid_fl=n&search_uuid=96e3df51-ccfa-479c-8e9e-c087bf20e6c3,2025-10-25 06:46:00
51758029,[이지서티] 영남지사(부산) IT 솔루션 엔지니어 채용(신입/경력),(주)이지서티,부산해운대구,신입·경력,대졸↑,~ 10/31(금),https://www.saramin.co.kr/zf_user/jobs/relay/view?view_type=search&rec_idx=51758029&location=ts&searchType=search&paid_fl=n&search_uuid=96e3df51-ccfa-479c-8e9e-c087bf20e6c3,2025-10-25 06:46:00
51708641,열정가득한 스타트업 팀원 모집합니다.,(주)판다스,경남진주시,경력무관,초대졸↑,채용시,https://www.saramin.co.kr/zf_user/jobs/relay/view?view_type=search&rec_idx=51708641&location=ts&searchType=search&paid_fl=n&search_uuid=96e3df51-ccfa-479c-8e9e-c087bf20e6c3,2025-10-25 06:46:00
52053196,2025년 제3차 정규직 직원 채용 공고(정보화),한국해양수산연수원,부산영도구,신입,대졸↑,~ 10/29(수),https://www.saramin.co.kr/zf_user/jobs/relay/view?view_type=search&rec_idx=52053196&location=ts&searchType=search&paid_fl=n&search_uuid=96e3df51-ccfa-479c-8e9e-c087bf20e6c3,2025-10-25 06:46:00
52052867,[신입] 인프라사업부 정규직 모집,(주)컴윌,부산사상구,신입,학력무관,~ 10/31(금),https://www.saramin.co.kr/zf_user/jobs/relay/view?view_type=search&rec_idx=52052867&location=ts&searchType=search&paid_fl=n&search_uuid=96e3df51-ccfa-479c-8e9e-c087bf20e6c3,2025-10-25 06:46:00
51921997,정보보안 담당자 신입,(주)에프엘이에스,대전유성구,신입,학력무관,~ 11/12(수),https://www.saramin.co.kr/zf_user/jobs/relay/view?view_type=search&rec_idx=51921997&location=ts&searchType=search&paid_fl=n&search_uuid=96e3df51-ccfa-479c-8e9e-c087bf20e6c3,2025-10-25 06:46:00
51991832,네트워크 구축 및 유지보수 엔지니어팀 신입[대전 본사],(주)와이넷,대전유성구,신입,초대졸↑,채용시,https://www.saramin.co.kr/zf_user/jobs/relay/view?view_type=search&rec_idx=51991832&location=ts&searchType=search&paid_fl=n&search_uuid=96e3df51-ccfa-479c-8e9e-c087bf20e6c3,2025-10-25 06:46:00
51958423,Research Engineer (Object Detection),(주)에스아이에이,대전유성구,신입,학력무관,~ 10/30(목),https://www.saramin.co.kr/zf_user/jobs/relay/view?view_type=search&rec_idx=51958423&location=ts&searchType=search&paid_fl=n&search_uuid=96e3df51-ccfa-479c-8e9e-c087bf20e6c3,2025-10-25 06:46:00
51958605,Research Engineer (Foundation Model Applications),(주)에스아이에이,대전유성구,신입,학력무관,~ 10/30(목),https://www.saramin.co.kr/zf_user/jobs/relay/view?view_type=search&rec_idx=51958605&location=ts&searchType=search&paid_fl=n&search_uuid=96e3df51-ccfa-479c-8e9e-c087bf20e6c3,2025-10-25 06:46:00
51958559,Research Engineer (Image Generation),(주)에스아이에이,대전유성구,신입,학력무관,~ 10/30(목),https://www.saramin.co.kr/zf_user/jobs/relay/view?view_type=search&rec_idx=51958559&location=ts&searchType=search&paid_fl=n&search_uuid=96e3df51-ccfa-479c-8e9e-c087bf20e6c3,2025-10-25 06:46:00
52082415,Data 엔지니어 - Junior (대전 근무),(주)시스트란,대전서구,신입,대졸↑,~ 11/18(화),https://www.saramin.co.kr/zf_user/jobs/relay/view?view_type=search&rec_idx=52082415&location=ts&searchType=search&paid_fl=n&search_uuid=96e3df51-ccfa-479c-8e9e-c087bf20e6c3,2025-10-25 06:46:00
52094056,[정규직 채용 ] 2025년 사이버 보안 관제 신입 채용,(주)트루시스,대전유성구,신입,초대졸↑,~ 11/20(목),https://www.saramin.co.kr/zf_user/jobs/relay/view?view_type=search&rec_idx=52094056&location=ts&searchType=search&paid_fl=n&search_uuid=96e3df51-ccfa-479c-8e9e-c087bf20e6c3,2025-10-25 06:46:00
51921973,웹서버 개발자 신입 채용,(주)에프엘이에스,대전유성구,신입,대졸↑,~ 11/12(수),https://www.saramin.co.kr/zf_user/jobs/relay/view?view_type=search&rec_idx=51921973&location=ts&searchType=search&paid_fl=n&search_uuid=96e3df51-ccfa-479c-8e9e-c087bf20e6c3,2025-10-25 06:46:00
52018382,[신입]주식회사 업테이크 소프트웨어 개발자 모집,(주)업테이크,대전유성구,신입,학력무관,~ 11/12(수),https://www.saramin.co.kr/zf_user/jobs/relay/view?view_type=search&rec_idx=52018382&location=ts&searchType=search&paid_fl=n&search_uuid=96e3df51-ccfa-479c-8e9e-c087bf20e6c3,2025-10-25 06:46:00
51938597,(정규직) 2025년  사이버 취약점 분석 정규직 모집,(주)트루시스,대전유성구,신입,초대졸↑,~ 10/29(수),https://www.saramin.co.kr/zf_user/jobs/relay/view?view_type=search&rec_idx=51938597&location=ts&searchType=search&paid_fl=n&search_uuid=96e3df51-ccfa-479c-8e9e-c087bf20e6c3,2025-10-25 06:46:00
51922117,Microsoft 기술 엔지니어 신입 채용(부산),(주)제니스클라우드,부산해운대구,신입,대졸↑,~ 11/24(월),https://www.saramin.co.kr/zf_user/jobs/relay/view?view_type=search&rec_idx=51922117&location=ts&searchType=search&paid_fl=n&search_uuid=96e3df51-ccfa-479c-8e9e-c087bf20e6c3,2025-10-25 06:46:00
51949539,2025년 대보그룹 신입사원 공개채용,대보그룹,부산전체,신입,대졸↑,내일마감,https://www.saramin.co.kr/zf_user/jobs/relay/view?view_type=search&rec_idx=51949539&location=ts&searchType=search&paid_fl=n&search_uuid=96e3df51-ccfa-479c-8e9e-c087bf20e6c3,2025-10-25 06:46:00
52087317,[솔탑] 2025년 부문별 신입/경력사원 모집,(주)솔탑,대전전체,신입·경력,초대졸↑,~ 11/19(수),https://www.saramin.co.kr/zf_user/jobs/relay/view?view_type=search&rec_idx=52087317&location=ts&searchType=search&paid_fl=n&search_uuid=96e3df51-ccfa-479c-8e9e-c087bf20e6c3,2025-10-25 06:46:00
52119952,넥슨커뮤니케이션즈 게임 서비스 직무 채용,(주)넥슨커뮤니케이션즈,부산전체,신입·경력,학력무관,~ 11/05(수),https://www.saramin.co.kr/zf_user/jobs/relay/view?view_type=search&rec_idx=52119952&location=ts&searchType=search&paid_fl=n&search_uuid=96e3df51-ccfa-479c-8e9e-c087bf20e6c3,2025-10-25 06:46:00
52100749,IT(전산) 신입/경력 사원 채용,성화산업주식회사,경남진주시,신입·경력,대졸↑,채용시,https://www.saramin.co.kr/zf_user/jobs/relay/view?view_type=search&rec_idx=52100749&location=ts&searchType=search&paid_fl=n&search_uuid=96e3df51-ccfa-479c-8e9e-c087bf20e6c3,2025-10-25 06:46:00
52134437,위성통신 및 네트워크 엔지니어(위성통신/스타링크/인말새트),(주)시너샛코리아,부산해운대구,경력무관,학력무관,~ 11/23(일),https://www.saramin.co.kr/zf_user/jobs/relay/view?view_type=search&rec_idx=52134437&location=ts&searchType=search&paid_fl=n&search_uuid=96e3df51-ccfa-479c-8e9e-c087bf20e6c3,2025-10-25 06:46:00
52105135,[신입 및 경력] 네트워크 엔지니어 채용,(주)디아이앤씨,부산해운대구,신입·경력,학력무관,~ 12/21(일),https://www.saramin.co.kr/zf_user/jobs/relay/view?view_type=search&rec_idx=52105135&location=ts&searchType=search&paid_fl=n&search_uuid=96e3df51-ccfa-479c-8e9e-c087bf20e6c3,2025-10-25 06:46:00
52128265,[대전/공공기관/월306만] RCMS고객센터 시스템관리 사무업무모집,(주)케이티아이에스,대전전체,신입·경력,고졸↑,~ 11/08(토),https://www.saramin.co.kr/zf_user/jobs/relay/view?view_type=search&rec_idx=52128265&location=ts&searchType=search&paid_fl=n&search_uuid=96e3df51-ccfa-479c-8e9e-c087bf20e6c3,2025-10-25 06:46:00
52116573,[보안관제센터] 보안관제 및 운영 신입/경력 채용 (대구),(주)이글루코퍼레이션,대구동구,신입·경력,초대졸↑,채용시,https://www.saramin.co.kr/zf_user/jobs/relay/view?view_type=search&rec_idx=52116573&location=ts&searchType=search&paid_fl=n&search_uuid=96e3df51-ccfa-479c-8e9e-c087bf20e6c3,2025-10-25 06:46:00
52040720,(주)도리콤 정보통신공사 공사팀원 모집,(주)도리콤,부산사상구,경력무관,초대졸↑,채용시,https://www.saramin.co.kr/zf_user/jobs/relay/view?view_type=search&rec_idx=52040720&location=ts&searchType=search&paid_fl=n&search_uuid=96e3df51-ccfa-479c-8e9e-c087bf20e6c3,2025-10-25 06:46:00
52111673,네트워크시스템 및 정보보안시스템 엔지니어,(주)케이닷컴,대전서구,경력무관,초대졸↑,~ 11/12(수),https://www.saramin.co.kr/zf_user/jobs/relay/view?view_type=search&rec_idx=52111673&location=ts&searchType=search&paid_fl=n&search_uuid=96e3df51-ccfa-479c-8e9e-c087bf20e6c3,2025-10-25 06:46:00
51697261,기장동원로얄CC 전산 유지보수 업무&총무업무 보조 채용,주식회사 남양종합개발 부산지점,부산기장군,신입·경력,초대졸↑,~ 10/29(수),https://www.saramin.co.kr/zf_user/jobs/relay/view?view_type=search&rec_idx=51697261&location=ts&searchType=search&paid_fl=n&search_uuid=96e3df51-ccfa-479c-8e9e-c087bf20e6c3,2025-10-25 06:46:00
52099398,[(주)신라시스템]   데이터분석 & 인공지능 개발자 공채,(주)신라시스템,대구동구,경력무관,초대졸↑,~ 11/20(목),https://www.saramin.co.kr/zf_user/jobs/relay/view?view_type=search&rec_idx=52099398&location=ts&searchType=search&paid_fl=n&search_uuid=96e3df51-ccfa-479c-8e9e-c087bf20e6c3,2025-10-25 06:46:00
52086567,네트워크 엔지니어 채용,㈜이노시스,부산동구,신입·경력,학력무관,~ 11/19(수),https://www.saramin.co.kr/zf_user/jobs/relay/view?view_type=search&rec_idx=52086567&location=ts&searchType=search&paid_fl=n&search_uuid=96e3df51-ccfa-479c-8e9e-c087bf20e6c3,2025-10-25 06:46:00
52081367,[기술지원센터] 보안솔루션 기술지원 엔지니어 인재 채용 (대전),㈜이글루코퍼레이션,대전유성구,경력무관,대졸↑,~ 10/31(금),https://www.saramin.co.kr/zf_user/jobs/relay/view?view_type=search&rec_idx=52081367&location=ts&searchType=search&paid_fl=n&search_uuid=96e3df51-ccfa-479c-8e9e-c087bf20e6c3,2025-10-25 06:46:00
52058206,씨넷 거제도 TS2(품질보증)팀 네트워크 엔지니어 모집,(주)씨넷,경남거제시,경력무관,초대졸↑,~ 11/15(토),https://www.saramin.co.kr/zf_user/jobs/relay/view?view_type=search&rec_idx=52058206&location=ts&searchType=search&paid_fl=n&search_uuid=96e3df51-ccfa-479c-8e9e-c087bf20e6c3,2025-10-25 06:46:00
51698503,안전관리 및 확인 업무 담당자 채용(간단한 사진 및 영상촬영),(주)아이엔,대구수성구,경력무관,학력무관,~ 10/29(수),https://www.saramin.co.kr/zf_user/jobs/relay/view?view_type=search&rec_idx=51698503&location=ts&searchType=search&paid_fl=n&search_uuid=96e3df51-ccfa-479c-8e9e-c087bf20e6c3,2025-10-25 06:46:00
52047739,[INEEJI] (주)인이지 데이터분석가/AI엔지니어 전문가 채용,(주)인이지,서울서초구,신입·경력,대졸↑,~ 10/31(금),https://www.saramin.co.kr/zf_user/jobs/relay/view?view_type=search&rec_idx=52047739&location=ts&searchType=search&paid_fl=n&search_uuid=96e3df51-ccfa-479c-8e9e-c087bf20e6c3,2025-10-25 06:46:00
52046396,(주)피플아이 보안팀 채용 (신입/경력),(주)피플아이,대전유성구,경력무관,학력무관,채용시,https://www.saramin.co.kr/zf_user/jobs/relay/view?view_type=search&rec_idx=52046396&location=ts&searchType=search&paid_fl=n&search_uuid=96e3df51-ccfa-479c-8e9e-c087bf20e6c3,2025-10-25 06:46:00
52043364,"[W병원] 전산실, 콜센터 채용 공고",W병원,대구달서구,경력무관,학력무관,채용시,https://www.saramin.co.kr/zf_user/jobs/relay/view?view_type=search&rec_idx=52043364&location=ts&searchType=search&paid_fl=n&search_uuid=96e3df51-ccfa-479c-8e9e-c087bf20e6c3,2025-10-25 06:46:00
52040854,[정규직]정보시스템(PC/서버/NW/정보보안) 인재 채용,(주)다원정보기술,경남창원시,신입·경력,학력무관,~ 12/14(일),https://www.saramin.co.kr/zf_user/jobs/relay/view?view_type=search&rec_idx=52040854&location=ts&searchType=search&paid_fl=n&search_uuid=96e3df51-ccfa-479c-8e9e-c087bf20e6c3,2025-10-25 06:46:00
52040133,마린웍스(주) / 마린전자상사 기술 엔지니어  정규직 채용,마린웍스(주),부산전체,경력무관,초대졸↑,~ 12/14(일),https://www.saramin.co.kr/zf_user/jobs/relay/view?view_type=search&rec_idx=52040133&location=ts&searchType=search&paid_fl=n&search_uuid=96e3df51-ccfa-479c-8e9e-c087bf20e6c3,2025-10-25 06:46:00
52034269,(대전)정보통신 네트워크구축 엔지니어 모집,(주)뉴젠스,대전동구,경력무관,초대졸↑,~ 12/13(토),https://www.saramin.co.kr/zf_user/jobs/relay/view?view_type=search&rec_idx=52034269&location=ts&searchType=search&paid_fl=n&search_uuid=96e3df51-ccfa-479c-8e9e-c087bf20e6c3,2025-10-25 06:46:00
52029635,(주)디알젬 생산운영관리팀 신입/경력사원 모집,(주)디알젬(구미공장지점),경북김천시,신입·경력,초대졸↑,내일마감,https://www.saramin.co.kr/zf_user/jobs/relay/view?view_type=search&rec_idx=52029635&location=ts&searchType=search&paid_fl=n&search_uuid=96e3df51-ccfa-479c-8e9e-c087bf20e6c3,2025-10-25 06:46:00
52026815,[딥아이] AI 기반 머신 비전 개발자 채용,(주)딥아이,부산기장군,경력무관,학력무관,채용시,https://www.saramin.co.kr/zf_user/jobs/relay/view?view_type=search&rec_idx=52026815&location=ts&searchType=search&paid_fl=n&search_uuid=235c7029-dc3a-4cf3-bbbb-567f84aee779,2025-10-25 06:46:01
52026800,[딥아이] LLM 엔지니어 개발자 채용,(주)딥아이,부산기장군,경력무관,학력무관,채용시,https://www.saramin.co.kr/zf_user/jobs/relay/view?view_type=search&rec_idx=52026800&location=ts&searchType=search&paid_fl=n&search_uuid=235c7029-dc3a-4cf3-bbbb-567f84aee779,2025-10-25 06:46:01
51864416,[이노그리드] 2025 하반기 공개채용,(주)이노그리드,서울중구,신입·경력,학력무관,~ 10/31(금),https://www.saramin.co.kr/zf_user/jobs/relay/view?view_type=search&rec_idx=51864416&location=ts&searchType=search&paid_fl=n&search_uuid=235c7029-dc3a-4cf3-bbbb-567f84aee779,2025-10-25 06:46:01
51960102,건화이엔지 전산실 운영 및 유지보수 - 신입/경력 모집,(주)건화이엔지,경북경산시,신입·경력,초대졸↑,~ 10/31(금),https://www.saramin.co.kr/zf_user/jobs/relay/view?view_type=search&rec_idx=51960102&location=ts&searchType=search&paid_fl=n&search_uuid=235c7029-dc3a-4cf3-bbbb-567f84aee779,2025-10-25 06:46:01
51693782,[인프라사업본부] 정보보호시스템 운영 신입/경력 채용,㈜이글루코퍼레이션,대전유성구,신입·경력,초대졸↑,상시채용,https://www.saramin.co.kr/zf_user/jobs/relay/view?view_type=search&rec_idx=51693782&location=ts&searchType=search&paid_fl=n&search_uuid=235c7029-dc3a-4cf3-bbbb-567f84aee779,2025-10-25 06:46:01
51693774,[인프라사업본부] 보안관제 및 침해사고 대응 신입/경력 채용,㈜이글루코퍼레이션,대전유성구,신입·경력,초대졸↑,상시채용,https://www.saramin.co.kr/zf_user/jobs/relay/view?view_type=search&rec_idx=51693774&location=ts&searchType=search&paid_fl=n&search_uuid=235c7029-dc3a-4cf3-bbbb-567f84aee779,2025-10-25 06:46:01
51679176,주식회사유엠소프트 정보보안 엔지니어 모집,주식회사유엠소프트,대구수성구,경력무관,학력무관,~ 10/27(월),https://www.saramin.co.kr/zf_user/jobs/relay/view?view_type=search&rec_idx=51679176&location=ts&searchType=search&paid_fl=n&search_uuid=235c7029-dc3a-4cf3-bbbb-567f84aee779,2025-10-25 06:46:01
51930199,선박 커미셔닝 엔지니어 채용의 건 [신입],티더블유엠에스(주),부산해운대구,경력무관,고졸↑,내일마감,https://www.saramin.co.kr/zf_user/jobs/relay/view?view_type=search&rec_idx=51930199&location=ts&searchType=search&paid_fl=n&search_uuid=235c7029-dc3a-4cf3-bbbb-567f84aee779,2025-10-25 06:46:01
51928411,SW 개발자 신입/경력 사원 모집 [2025],㈜커미조아,대전전체,경력무관,학력무관,내일마감,https://www.saramin.co.kr/zf_user/jobs/relay/view?view_type=search&rec_idx=51928411&location=ts&searchType=search&paid_fl=n&search_uuid=235c7029-dc3a-4cf3-bbbb-567f84aee779,2025-10-25 06:46:01
51858363,학교대상 정보통신 유지보수 담당 신입 및 경력자 채용 - 정규직,(주)에스유아이티,대전유성구,경력무관,초대졸↑,~ 11/16(일),https://www.saramin.co.kr/zf_user/jobs/relay/view?view_type=search&rec_idx=51858363&location=ts&searchType=search&paid_fl=n&search_uuid=235c7029-dc3a-4cf3-bbbb-567f84aee779,2025-10-25 06:46:01
51824234,네트워크 유지관리 엔지니어(경력) 모집,(주)우리아이티,부산동구,신입·경력,초대졸↑,~ 11/12(수),https://www.saramin.co.kr/zf_user/jobs/relay/view?view_type=search&rec_idx=51824234&location=ts&searchType=search&paid_fl=n&search_uuid=235c7029-dc3a-4cf3-bbbb-567f84aee779,2025-10-25 06:46:01
51770455,(주)동성전기 전산 담당자 사원 채용,(주)동성전기,경남김해시,경력무관,초대졸↑,채용시,https://www.saramin.co.kr/zf_user/jobs/relay/view?view_type=search&rec_idx=51770455&location=ts&searchType=search&paid_fl=n&search_uuid=235c7029-dc3a-4cf3-bbbb-567f84aee779,2025-10-25 06:46:01
51753337,"(경력무관) 앱개발, 백엔드/서버개발, 웹개발外 정규직 채용",(주)한국갈등관리디지털진흥원,대전유성구,경력무관,학력무관,~ 11/04(화),https://www.saramin.co.kr/zf_user/jobs/relay/view?view_type=search&rec_idx=51753337&location=ts&searchType=search&paid_fl=n&search_uuid=235c7029-dc3a-4cf3-bbbb-567f84aee779,2025-10-25 06:46:01
51743438,CCTV 설치 및 관리 업무 모집,(주)한림기술,대구수성구,경력무관,학력무관,채용시,https://www.saramin.co.kr/zf_user/jobs/relay/view?view_type=search&rec_idx=51743438&location=ts&searchType=search&paid_fl=n&search_uuid=235c7029-dc3a-4cf3-bbbb-567f84aee779,2025-10-25 06:46:01
51735498,[늘푸른정보기술]기술본부 시스템(서버/스토리지) 정규직 채용,(주)늘푸른정보기술,울산동구,경력무관,학력무관,채용시,https://www.saramin.co.kr/zf_user/jobs/relay/view?view_type=search&rec_idx=51735498&location=ts&searchType=search&paid_fl=n&search_uuid=235c7029-dc3a-4cf3-bbbb-567f84aee779,2025-10-25 06:46:01
51710294,KT협력업체 기술시험부 외근직 직원 모집,동보정보통신㈜,대구북구,경력무관,학력무관,채용시,https://www.saramin.co.kr/zf_user/jobs/relay/view?view_type=search&rec_idx=51710294&location=ts&searchType=search&paid_fl=n&search_uuid=235c7029-dc3a-4cf3-bbbb-567f84aee779,2025-10-25 06:46:01
51655107,교통정보시스템 유지관리 보조 직원(신입/경력) 모집,(주)동인시스템,부산연제구,신입·경력,학력무관,오늘마감,https://www.saramin.co.kr/zf_user/jobs/relay/view?view_type=search&rec_idx=51655107&location=ts&searchType=search&paid_fl=n&search_uuid=235c7029-dc3a-4cf3-bbbb-567f84aee779,2025-10-25 06:46:01
52065952,[외국계 화학] 각 부문 신입/경력 채용,한국이콜랩(유),울산전체,신입·경력,고졸↑,~ 11/02(일),https://www.saramin.co.kr/zf_user/jobs/relay/view?view_type=search&rec_idx=52065952&location=ts&searchType=search&paid_fl=n&search_uuid=235c7029-dc3a-4cf3-bbbb-567f84aee779,2025-10-25 06:46:01
52009664,정보통신실 상주 운영 및  유지보수 직원모집,대신네트웍스주식회사,울산남구,신입·경력,고졸↑,~ 11/12(수),https://www.saramin.co.kr/zf_user/jobs/relay/view?view_type=search&rec_idx=52009664&location=ts&searchType=search&paid_fl=n&search_uuid=235c7029-dc3a-4cf3-bbbb-567f84aee779,2025-10-25 06:46:01
51972680,㈜우진플라임 부문별 인재채용,(주)우진플라임,대구전체,신입·경력,학력무관,~ 10/31(금),https://www.saramin.co.kr/zf_user/jobs/relay/view?view_type=search&rec_idx=51972680&location=ts&searchType=search&paid_fl=n&search_uuid=235c7029-dc3a-4cf3-bbbb-567f84aee779,2025-10-25 06:46:01
52026999,2025년 중소조선연구원 하반기 공개채용 모집공고,(재)중소조선연구원,부산전체,신입·경력,초대졸↑,~ 10/29(수),https://www.saramin.co.kr/zf_user/jobs/relay/view?view_type=search&rec_idx=52026999&location=ts&searchType=search&paid_fl=n&search_uuid=235c7029-dc3a-4cf3-bbbb-567f84aee779,2025-10-25 06:46:01
52134463,DevOps 모집 - 위성 SmartBox,(주)시너샛코리아,부산해운대구,경력무관,학력무관,~ 11/23(일),https://www.saramin.co.kr/zf_user/jobs/relay/view?view_type=search&rec_idx=52134463&location=ts&searchType=search&paid_fl=n&search_uuid=235c7029-dc3a-4cf3-bbbb-567f84aee779,2025-10-25 06:46:01
52130550,자율이동로봇 관리/제어 프로그램 백앤드 개발자 모집,에스이노베이션스(주),대구달성군,경력무관,대졸↑,상시채용,https://www.saramin.co.kr/zf_user/jobs/relay/view?view_type=search&rec_idx=52130550&location=ts&searchType=search&paid_fl=n&search_uuid=235c7029-dc3a-4cf3-bbbb-567f84aee779,2025-10-25 06:46:01
51972275,[정규직/신입O]KTCS 대전 무선CS 상담사 모집,(주)블루에이치알,대전서구,경력무관,고졸↑,상시채용,https://www.saramin.co.kr/zf_user/jobs/relay/view?view_type=search&rec_idx=51972275&location=ts&searchType=search&paid_fl=n&search_uuid=235c7029-dc3a-4cf3-bbbb-567f84aee779,2025-10-25 06:46:01
52082807,#명절상여금지급# 부산 롯데카드 단순 문의 응대,(주)블루에이치알,부산연제구,경력무관,고졸↑,상시채용,https://www.saramin.co.kr/zf_user/jobs/relay/view?view_type=search&rec_idx=52082807&location=ts&searchType=search&paid_fl=n&search_uuid=235c7029-dc3a-4cf3-bbbb-567f84aee779,2025-10-25 06:46:01
51972349,[통신비지원] 대전 LG U+ 고객 상담사 채용,(주)블루에이치알,대전중구,경력무관,고졸↑,~ 10/27(월),https://www.saramin.co.kr/zf_user/jobs/relay/view?view_type=search&rec_idx=51972349&location=ts&searchType=search&paid_fl=n&search_uuid=235c7029-dc3a-4cf3-bbbb-567f84aee779,2025-10-25 06:46:01
52052441,M365 운영관리,포메이션랩스(주),경남창원시 성산구,경력무관,학력무관,내일마감,https://www.saramin.co.kr/zf_user/jobs/relay/view?view_type=search&rec_idx=52052441&location=ts&searchType=search&paid_fl=n&search_uuid=235c7029-dc3a-4cf3-bbbb-567f84aee779,2025-10-25 06:46:01
52127665,"웹 프로그램 개발자 채용공고 (java, jsp, web/was)",(주)에디넷,부산동구,경력무관,학력무관,~ 10/31(금),https://www.saramin.co.kr/zf_user/jobs/relay/view?view_type=search&rec_idx=52127665&location=ts&searchType=search&paid_fl=n&search_uuid=235c7029-dc3a-4cf3-bbbb-567f84aee779,2025-10-25 06:46:01
51958390,(주)아이앤텍 부산 대학관리 시스템 운영팀 개발자 모집,(주)아이앤텍,부산해운대구,신입·경력,초대졸↑,상시채용,https://www.saramin.co.kr/zf_user/jobs/relay/view?view_type=search&rec_idx=51958390&location=ts&searchType=search&paid_fl=n&search_uuid=235c7029-dc3a-4cf3-bbbb-567f84aee779,2025-10-25 06:46:01
52126692,2025년 하반기 정직원(연구분야) 채용 공고,한국화학연구원,대전유성구,경력무관,초대졸↑,~ 11/06(목),https://www.saramin.co.kr/zf_user/jobs/relay/view?view_type=search&rec_idx=52126692&location=ts&searchType=search&paid_fl=n&search_uuid=235c7029-dc3a-4cf3-bbbb-567f84aee779,2025-10-25 06:46:01
51766244,"[고려아연계열/서린정보기술] Application(Web,Mobile)개발 채용",서린정보기술(주),부산전체,신입·경력,대졸↑,~ 11/07(금),https://www.saramin.co.kr/zf_user/jobs/relay/view?view_type=search&rec_idx=51766244&location=ts&searchType=search&paid_fl=n&search_uuid=235c7029-dc3a-4cf3-bbbb-567f84aee779,2025-10-25 06:46:01
52069366,2025년도 하반기 채용공고,(주)세화,대전전체,신입·경력,초대졸↑,~ 10/28(화),https://www.saramin.co.kr/zf_user/jobs/relay/view?view_type=search&rec_idx=52069366&location=ts&searchType=search&paid_fl=n&search_uuid=235c7029-dc3a-4cf3-bbbb-567f84aee779,2025-10-25 06:46:01
52122825,"[코딩, 인공지능] 신입/경력직/파트직",(주)링구아교육,부산동래구,경력무관,학력무관,~ 12/22(월),https://www.saramin.co.kr/zf_user/jobs/relay/view?view_type=search&rec_idx=52122825&location=ts&searchType=search&paid_fl=n&search_uuid=235c7029-dc3a-4cf3-bbbb-567f84aee779,2025-10-25 06:46:01
52122015,임베디드 시스템 개발자 채용,(주)에스원바이오,부산서구,경력무관,대졸↑,~ 11/11(화),https://www.saramin.co.kr/zf_user/jobs/relay/view?view_type=search&rec_idx=52122015&location=ts&searchType=search&paid_fl=n&search_uuid=235c7029-dc3a-4cf3-bbbb-567f84aee779,2025-10-25 06:46:01
52119752,2025년 하반기 정직원(연구분야) 채용(화학소재 데이터),한국화학연구원,대전유성구,경력무관,초대졸↑,~ 11/06(목),https://www.saramin.co.kr/zf_user/jobs/relay/view?view_type=search&rec_idx=52119752&location=ts&searchType=search&paid_fl=n&search_uuid=235c7029-dc3a-4cf3-bbbb-567f84aee779,2025-10-25 06:46:01
52120452,인공지능 비전모델 개발 연구원 구인,(주)스피어에이엑스,대구수성구,신입·경력,석사↑,~ 11/22(토),https://www.saramin.co.kr/zf_user/jobs/relay/view?view_type=search&rec_idx=52120452&location=ts&searchType=search&paid_fl=n&search_uuid=235c7029-dc3a-4cf3-bbbb-567f84aee779,2025-10-25 06:46:01
52111851,실력있는 개발자를 모십니다.,비테크,부산남구,경력무관,학력무관,~ 11/21(금),https://www.saramin.co.kr/zf_user/jobs/relay/view?view_type=search&rec_idx=52111851&location=ts&searchType=search&paid_fl=n&search_uuid=235c7029-dc3a-4cf3-bbbb-567f84aee779,2025-10-25 06:46:01
52118070,[정규직] 서비스 개발자 채용 (로봇관제 파트)(신입·경력),(주)라인월드,대전유성구,경력무관,대졸↑,~ 11/22(토),https://www.saramin.co.kr/zf_user/jobs/relay/view?view_type=search&rec_idx=52118070&location=ts&searchType=search&paid_fl=n&search_uuid=235c7029-dc3a-4cf3-bbbb-567f84aee779,2025-10-25 06:46:01
51965638,[시차출퇴근제] 임베디드 제어 SW 엔지니어 모집 (신입/경력),비앤에프테크놀로지(주),대전유성구,경력무관,초대졸↑,~ 10/31(금),https://www.saramin.co.kr/zf_user/jobs/relay/view?view_type=search&rec_idx=51965638&location=ts&searchType=search&paid_fl=n&search_uuid=235c7029-dc3a-4cf3-bbbb-567f84aee779,2025-10-25 06:46:01
52116122,서비스 개발 및 운영 담당자 채용 공고,(주)스마트소셜,부산해운대구,경력무관,초대졸↑,~ 11/22(토),https://www.saramin.co.kr/zf_user/jobs/relay/view?view_type=search&rec_idx=52116122&location=ts&searchType=search&paid_fl=n&search_uuid=235c7029-dc3a-4cf3-bbbb-567f84aee779,2025-10-25 06:46:01
52084238,각 부문 신입 및 경력 채용,위드시스템(주),경북전체,신입·경력,고졸↑,~ 11/02(일),https://www.saramin.co.kr/zf_user/jobs/relay/view?view_type=search&rec_idx=52084238&location=ts&searchType=search&paid_fl=n&search_uuid=7f04a12a-568f-45c1-b66b-ab72a9d4f185,2025-10-25 06:46:03
52111537,개발자 [AI·IOT ] [APP/WEB] 대전 세종근무,오아시스스토리(주),대전서구,신입·경력,대졸↑,상시채용,https://www.saramin.co.kr/zf_user/jobs/relay/view?view_type=search&rec_idx=52111537&location=ts&searchType=search&paid_fl=n&search_uuid=7f04a12a-568f-45c1-b66b-ab72a9d4f185,2025-10-25 06:46:03
52111459,"방송음향,영상,통신공사 기술직 신입 및 경력사원 모집",(주)엘앤비기술,부산연제구,경력무관,학력무관,~ 11/21(금),https://www.saramin.co.kr/zf_user/jobs/relay/view?view_type=search&rec_idx=52111459&location=ts&searchType=search&paid_fl=n&search_uuid=7f04a12a-568f-45c1-b66b-ab72a9d4f185,2025-10-25 06:46:03
52110041,새빛기술(주) 기술지원부 정규직 직원모집(경력/신입),새빛기술(주),대전유성구,경력무관,고졸↑,~ 11/21(금),https://www.saramin.co.kr/zf_user/jobs/relay/view?view_type=search&rec_idx=52110041&location=ts&searchType=search&paid_fl=n&search_uuid=7f04a12a-568f-45c1-b66b-ab72a9d4f185,2025-10-25 06:46:03
52109736,IT 정부과제(R&D 사업) 기획 (신입/경력) 채용 모집 공고.,제니아일렉트로닉스,경남창원시 성산구,신입·경력,대졸↑,~ 11/21(금),https://www.saramin.co.kr/zf_user/jobs/relay/view?view_type=search&rec_idx=52109736&location=ts&searchType=search&paid_fl=n&search_uuid=7f04a12a-568f-45c1-b66b-ab72a9d4f185,2025-10-25 06:46:03
52108826,[종합 인공위성그룹]정지궤도위성팀 비행역학 담당자 채용,(주)아이옵스,대전전체,경력무관,대졸↑,~ 11/21(금),https://www.saramin.co.kr/zf_user/jobs/relay/view?view_type=search&rec_idx=52108826&location=ts&searchType=search&paid_fl=n&search_uuid=7f04a12a-568f-45c1-b66b-ab72a9d4f185,2025-10-25 06:46:03
52107692,공공 SI 사업관리 및 기획 [신입 및 경력 사원 채용],(주)루트랩,대구남구,경력무관,대졸↑,~ 11/21(금),https://www.saramin.co.kr/zf_user/jobs/relay/view?view_type=search&rec_idx=52107692&location=ts&searchType=search&paid_fl=n&search_uuid=7f04a12a-568f-45c1-b66b-ab72a9d4f185,2025-10-25 06:46:03
52107410,SW 개발 유지관리 팀원 모집,(주)대국지앤에스,경북경산시,경력무관,초대졸↑,~ 11/21(금),https://www.saramin.co.kr/zf_user/jobs/relay/view?view_type=search&rec_idx=52107410&location=ts&searchType=search&paid_fl=n&search_uuid=7f04a12a-568f-45c1-b66b-ab72a9d4f185,2025-10-25 06:46:03
52106125,"Node, Nest.js 백엔드 개발자 채용",인사이트,부산금정구,경력무관,학력무관,~ 11/21(금),https://www.saramin.co.kr/zf_user/jobs/relay/view?view_type=search&rec_idx=52106125&location=ts&searchType=search&paid_fl=n&search_uuid=7f04a12a-568f-45c1-b66b-ab72a9d4f185,2025-10-25 06:46:03
52106007,[주식회사 이스트] SI(용역) 및 사업관리 부문 채용,주식회사 이스트,대구달서구,경력무관,초대졸↑,~ 12/21(일),https://www.saramin.co.kr/zf_user/jobs/relay/view?view_type=search&rec_idx=52106007&location=ts&searchType=search&paid_fl=n&search_uuid=7f04a12a-568f-45c1-b66b-ab72a9d4f185,2025-10-25 06:46:03
52097975,R&D 분야 신입/경력 채용,(주)에이티비랩,대전유성구,경력무관,대졸↑,채용시,https://www.saramin.co.kr/zf_user/jobs/relay/view?view_type=search&rec_idx=52097975&location=ts&searchType=search&paid_fl=n&search_uuid=7f04a12a-568f-45c1-b66b-ab72a9d4f185,2025-10-25 06:46:03
52097482,"주식회사 엠케이디 Java, Node, Python 개발자 모집","주식회사엠케이디(MKDCo.,Ltd)",부산남구,경력무관,대졸↑,채용시,https://www.saramin.co.kr/zf_user/jobs/relay/view?view_type=search&rec_idx=52097482&location=ts&searchType=search&paid_fl=n&search_uuid=7f04a12a-568f-45c1-b66b-ab72a9d4f185,2025-10-25 06:46:03
52097314,네이블소프트(주) 개발 신입 및 경력 채용,네이블소프트(주),부산동구,신입·경력,대졸↑,~ 12/20(토),https://www.saramin.co.kr/zf_user/jobs/relay/view?view_type=search&rec_idx=52097314&location=ts&searchType=search&paid_fl=n&search_uuid=7f04a12a-568f-45c1-b66b-ab72a9d4f185,2025-10-25 06:46:03
52095755,"[신입/경력] 기술연구개발(R&D) / 솔루션 개발 (Spring, React)",(주)대국지앤에스,경북경산시,경력무관,초대졸↑,~ 11/20(목),https://www.saramin.co.kr/zf_user/jobs/relay/view?view_type=search&rec_idx=52095755&location=ts&searchType=search&paid_fl=n&search_uuid=7f04a12a-568f-45c1-b66b-ab72a9d4f185,2025-10-25 06:46:03
52095542,정보통신분야 공무 신입 / 경력자 모집,(주)코리아와이드아이티에스,대구수성구,경력무관,학력무관,~ 12/20(토),https://www.saramin.co.kr/zf_user/jobs/relay/view?view_type=search&rec_idx=52095542&location=ts&searchType=search&paid_fl=n&search_uuid=7f04a12a-568f-45c1-b66b-ab72a9d4f185,2025-10-25 06:46:03
52089345,[채용공고] (주)에이포랩 개발자/연구원 모집,(주)에이포랩,경북구미시,경력무관,학력무관,상시채용,https://www.saramin.co.kr/zf_user/jobs/relay/view?view_type=search&rec_idx=52089345&location=ts&searchType=search&paid_fl=n&search_uuid=7f04a12a-568f-45c1-b66b-ab72a9d4f185,2025-10-25 06:46:03
51875264,경원벤텍(주) 전산/IT 분야 채용 - IT개발·데이터,경원벤텍(주),경남김해시,경력무관,학력무관,~ 11/18(화),https://www.saramin.co.kr/zf_user/jobs/relay/view?view_type=search&rec_idx=51875264&location=ts&searchType=search&paid_fl=n&search_uuid=7f04a12a-568f-45c1-b66b-ab72a9d4f185,2025-10-25 06:46:03
52088181,[정규직-경력]스마트팩토리 SW시스템 구축/개발 (OLED/이차전지),서진정보기술,대구수성구,경력무관,대졸↑,~ 11/19(수),https://www.saramin.co.kr/zf_user/jobs/relay/view?view_type=search&rec_idx=52088181&location=ts&searchType=search&paid_fl=n&search_uuid=7f04a12a-568f-45c1-b66b-ab72a9d4f185,2025-10-25 06:46:03
52087281,B2B SaaS 윈도우 개발자 채용 (C++/MFC/C#),(주)엑소스피어랩스,대전서구,경력무관,학력무관,~ 12/19(금),https://www.saramin.co.kr/zf_user/jobs/relay/view?view_type=search&rec_idx=52087281&location=ts&searchType=search&paid_fl=n&search_uuid=7f04a12a-568f-45c1-b66b-ab72a9d4f185,2025-10-25 06:46:03
51854672,[CEO포털] (신입 가능) 풀스택 개발자 모집합니다.,주식회사씨이오포털,부산금정구,경력무관,고졸↑,~ 11/16(일),https://www.saramin.co.kr/zf_user/jobs/relay/view?view_type=search&rec_idx=51854672&location=ts&searchType=search&paid_fl=n&search_uuid=7f04a12a-568f-45c1-b66b-ab72a9d4f185,2025-10-25 06:46:03
51838979,펜타스코리아 의용공학 및 전자기기 분야 채용공고,주식회사 펜타스코리아,부산기장군,경력무관,대졸↑,채용시,https://www.saramin.co.kr/zf_user/jobs/relay/view?view_type=search&rec_idx=51838979&location=ts&searchType=search&paid_fl=n&search_uuid=7f04a12a-568f-45c1-b66b-ab72a9d4f185,2025-10-25 06:46:03
52067117,태광후지킨(tk-fujikin)전산관리부 솔루션팀 채용,태광후지킨(주),부산강서구,신입·경력,대졸↑,~ 11/16(일),https://www.saramin.co.kr/zf_user/jobs/relay/view?view_type=search&rec_idx=52067117&location=ts&searchType=search&paid_fl=n&search_uuid=7f04a12a-568f-45c1-b66b-ab72a9d4f185,2025-10-25 06:46:03
52071269,"CCTV, 무전기 설치 및 A/S 팀원 모집합니다",(주)유한정보통신,대구달서구,경력무관,학력무관,채용시,https://www.saramin.co.kr/zf_user/jobs/relay/view?view_type=search&rec_idx=52071269&location=ts&searchType=search&paid_fl=n&search_uuid=7f04a12a-568f-45c1-b66b-ab72a9d4f185,2025-10-25 06:46:03
52070205,(주) 푸드엔 본사 경영기획팀 채용,(주)푸드엔,부산남구,경력무관,학력무관,~ 11/16(일),https://www.saramin.co.kr/zf_user/jobs/relay/view?view_type=search&rec_idx=52070205&location=ts&searchType=search&paid_fl=n&search_uuid=7f04a12a-568f-45c1-b66b-ab72a9d4f185,2025-10-25 06:46:03
51942680,[정규직] 서비스 개발자 채용 (ai 파트)(신입·경력)-마감,(주)라인월드,대전유성구,경력무관,대졸↑,~ 10/29(수),https://www.saramin.co.kr/zf_user/jobs/relay/view?view_type=search&rec_idx=51942680&location=ts&searchType=search&paid_fl=n&search_uuid=7f04a12a-568f-45c1-b66b-ab72a9d4f185,2025-10-25 06:46:03
52069004,[종합 인공위성그룹]인공위성 운영사업부 저궤도위성2팀 채용,(주)아이옵스,대전전체,경력무관,대졸↑,~ 11/16(일),https://www.saramin.co.kr/zf_user/jobs/relay/view?view_type=search&rec_idx=52069004&location=ts&searchType=search&paid_fl=n&search_uuid=7f04a12a-568f-45c1-b66b-ab72a9d4f185,2025-10-25 06:46:03
52068303,버스정보 센터 근무자,우리정보기술(주),경남창원시 성산구,경력무관,초대졸↑,~ 12/16(화),https://www.saramin.co.kr/zf_user/jobs/relay/view?view_type=search&rec_idx=52068303&location=ts&searchType=search&paid_fl=n&search_uuid=7f04a12a-568f-45c1-b66b-ab72a9d4f185,2025-10-25 06:46:03
52046740,AI / SW 개발자 정규직 모집,(주)디인사이트,경남창원시,경력무관,석사↑,~ 11/15(토),https://www.saramin.co.kr/zf_user/jobs/relay/view?view_type=search&rec_idx=52046740&location=ts&searchType=search&paid_fl=n&search_uuid=7f04a12a-568f-45c1-b66b-ab72a9d4f185,2025-10-25 06:46:03
52047893,AI 서비스 및 AI 자율제조 분야 신입/경력 모집,(주)스마트엠투엠,부산해운대구,경력무관,대졸↑,~ 11/14(금),https://www.saramin.co.kr/zf_user/jobs/relay/view?view_type=search&rec_idx=52047893&location=ts&searchType=search&paid_fl=n&search_uuid=7f04a12a-568f-45c1-b66b-ab72a9d4f185,2025-10-25 06:46:03
52043608,(주)에프씨아이 제어용 웹프로그램 개발 경력 채용,(주)에프씨아이,대전유성구,경력무관,초대졸↑,~ 11/14(금),https://www.saramin.co.kr/zf_user/jobs/relay/view?view_type=search&rec_idx=52043608&location=ts&searchType=search&paid_fl=n&search_uuid=7f04a12a-568f-45c1-b66b-ab72a9d4f185,2025-10-25 06:46:03
51985894,프로그래머 [ROS/AI/IOT][대전 근무],오아시스스토리(주),대전서구,경력무관,학력무관,상시채용,https://www.saramin.co.kr/zf_user/jobs/relay/view?view_type=search&rec_idx=51985894&location=ts&searchType=search&paid_fl=n&search_uuid=7f04a12a-568f-45c1-b66b-ab72a9d4f185,2025-10-25 06:46:03
52031655,[ 개발연구소 ] CAD/ 펌웨어 / PCB 회로,(주)성화에프티,부산강서구,경력무관,대졸↑,~ 11/13(목),https://www.saramin.co.kr/zf_user/jobs/relay/view?view_type=search&rec_idx=52031655&location=ts&searchType=search&paid_fl=n&search_uuid=7f04a12a-568f-45c1-b66b-ab72a9d4f185,2025-10-25 06:46:03
52031608,[생산기술] 전기판넬 / 계장 / 기술지원 / 유지보수,(주)성화에프티,부산강서구,경력무관,학력무관,~ 11/13(목),https://www.saramin.co.kr/zf_user/jobs/relay/view?view_type=search&rec_idx=52031608&location=ts&searchType=search&paid_fl=n&search_uuid=7f04a12a-568f-45c1-b66b-ab72a9d4f185,2025-10-25 06:46:03
52029607,소프트웨어 개발자(C#),(주)픽소니어,대전유성구,경력무관,대졸↑,~ 11/13(목),https://www.saramin.co.kr/zf_user/jobs/relay/view?view_type=search&rec_idx=52029607&location=ts&searchType=search&paid_fl=n&search_uuid=7f04a12a-568f-45c1-b66b-ab72a9d4f185,2025-10-25 06:46:03
52019533,AI SW개발자 채용,(주)나랑가,울산남구,경력무관,학력무관,채용시,https://www.saramin.co.kr/zf_user/jobs/relay/view?view_type=search&rec_idx=52019533&location=ts&searchType=search&paid_fl=n&search_uuid=7f04a12a-568f-45c1-b66b-ab72a9d4f185,2025-10-25 06:46:03
51822677,소음진동 검사 솔루션 / 산업 인공지능 사업부 엔지니어 모집,코리아이매지니어링,경남창원시,경력무관,대졸↑,~ 11/12(수),https://www.saramin.co.kr/zf_user/jobs/relay/view?view_type=search&rec_idx=51822677&location=ts&searchType=search&paid_fl=n&search_uuid=7f04a12a-568f-45c1-b66b-ab72a9d4f185,2025-10-25 06:46:03
52017594,소프트웨어 개발자(C/C++),(주)픽소니어,대전유성구,신입·경력,대졸↑,~ 11/12(수),https://www.saramin.co.kr/zf_user/jobs/relay/view?view_type=search&rec_idx=52017594&location=ts&searchType=search&paid_fl=n&search_uuid=7f04a12a-568f-45c1-b66b-ab72a9d4f185,2025-10-25 06:46:03
52017554,[주식회사 이스트] 연구기획 / 관리,주식회사 이스트,대구달서구,경력무관,초대졸↑,~ 12/12(금),https://www.saramin.co.kr/zf_user/jobs/relay/view?view_type=search&rec_idx=52017554&location=ts&searchType=search&paid_fl=n&search_uuid=7f04a12a-568f-45c1-b66b-ab72a9d4f185,2025-10-25 06:46:03
52016399,국가정보자원관리원(대전광주대구)운영/유지보수/구축 인력모집,하마인포(주),대구동구,신입·경력,학력무관,~ 12/12(금),https://www.saramin.co.kr/zf_user/jobs/relay/view?view_type=search&rec_idx=52016399&location=ts&searchType=search&paid_fl=n&search_uuid=7f04a12a-568f-45c1-b66b-ab72a9d4f185,2025-10-25 06:46:03
52014716,[경산] 사무행정직(남녀) 정규직 채용 공고(LG유플러스협력업체),(주)한샘정보통신,경북경산시,경력무관,고졸↑,~ 12/12(금),https://www.saramin.co.kr/zf_user/jobs/relay/view?view_type=search&rec_idx=52014716&location=ts&searchType=search&paid_fl=n&search_uuid=7f04a12a-568f-45c1-b66b-ab72a9d4f185,2025-10-25 06:46:03
52014528,기업연구소에서 AI와 C로 SW 개발할 분을 구합니다,사이테크놀로지스(주),대전대덕구,경력무관,대졸↑,~ 11/12(수),https://www.saramin.co.kr/zf_user/jobs/relay/view?view_type=search&rec_idx=52014528&location=ts&searchType=search&paid_fl=n&search_uuid=dbd63eca-216f-4271-b0b8-4d945dba6240,2025-10-25 06:46:04
52014460,디자인/퍼블러싱/R&D 업무 경력자 모집,(주)투비스,대구동구,경력무관,초대졸↑,~ 12/12(금),https://www.saramin.co.kr/zf_user/jobs/relay/view?view_type=search&rec_idx=52014460&location=ts&searchType=search&paid_fl=n&search_uuid=dbd63eca-216f-4271-b0b8-4d945dba6240,2025-10-25 06:46:04
52014242,클라우드 서버 연구&개발 인력 채용,(주)이지스,부산해운대구,신입·경력,학력무관,~ 11/12(수),https://www.saramin.co.kr/zf_user/jobs/relay/view?view_type=search&rec_idx=52014242&location=ts&searchType=search&paid_fl=n&search_uuid=dbd63eca-216f-4271-b0b8-4d945dba6240,2025-10-25 06:46:04
52007360,정보통신업  설계 / 공사 / 정보통신 유지보수/계장제어,(주)라인기술단,경남진주시,경력무관,초대졸↑,~ 12/12(금),https://www.saramin.co.kr/zf_user/jobs/relay/view?view_type=search&rec_idx=52007360&location=ts&searchType=search&paid_fl=n&search_uuid=dbd63eca-216f-4271-b0b8-4d945dba6240,2025-10-25 06:46:04
52007056,전자사업부 하드웨어(전자회로설계) 개발 모집,(주)지아이에스,경북구미시,신입·경력,초대졸↑,내일마감,https://www.saramin.co.kr/zf_user/jobs/relay/view?view_type=search&rec_idx=52007056&location=ts&searchType=search&paid_fl=n&search_uuid=dbd63eca-216f-4271-b0b8-4d945dba6240,2025-10-25 06:46:04
51963621,[마산회원구청 상주근무] 신입 및 경력 네트워크 엔지니어 채용,(주)라이노정보기술,경남창원시 마산회원구,신입·경력,초대졸↑,~ 10/31(금),https://www.saramin.co.kr/zf_user/jobs/relay/view?view_type=search&rec_idx=51963621&location=ts&searchType=search&paid_fl=n&search_uuid=dbd63eca-216f-4271-b0b8-4d945dba6240,2025-10-25 06:46:04
51995590,인공지능 및 데이터 분석  직무 채용 공고,(주)싸인랩,부산부산진구,경력무관,학력무관,~ 11/09(일),https://www.saramin.co.kr/zf_user/jobs/relay/view?view_type=search&rec_idx=51995590&location=ts&searchType=search&paid_fl=n&search_uuid=dbd63eca-216f-4271-b0b8-4d945dba6240,2025-10-25 06:46:04
51995010,JSP / PHP 웹프로그래머 모집합니다.,오투웹스,대구동구,신입·경력,초대졸↑,~ 11/09(일),https://www.saramin.co.kr/zf_user/jobs/relay/view?view_type=search&rec_idx=51995010&location=ts&searchType=search&paid_fl=n&search_uuid=dbd63eca-216f-4271-b0b8-4d945dba6240,2025-10-25 06:46:04
51976370,"[부산] 웹 디자니어,퍼블리셔,프로그래머를 모십니다.",(주)엠버시유학원,부산부산진구,경력무관,학력무관,~ 11/01(토),https://www.saramin.co.kr/zf_user/jobs/relay/view?view_type=search&rec_idx=51976370&location=ts&searchType=search&paid_fl=n&search_uuid=dbd63eca-216f-4271-b0b8-4d945dba6240,2025-10-25 06:46:04
51986897,(주)화성컴퍼니 정규직 Next JS 개발자 채용,(주)화성컴퍼니,대구전체,경력무관,학력무관,~ 11/09(일),https://www.saramin.co.kr/zf_user/jobs/relay/view?view_type=search&rec_idx=51986897&location=ts&searchType=search&paid_fl=n&search_uuid=dbd63eca-216f-4271-b0b8-4d945dba6240,2025-10-25 06:46:04
51942854,사직동 코딩/컴퓨터 학원 선생님 모집(지점운영자),코더스IT학원,부산동래구,경력무관,학력무관,~ 10/29(수),https://www.saramin.co.kr/zf_user/jobs/relay/view?view_type=search&rec_idx=51942854&location=ts&searchType=search&paid_fl=n&search_uuid=dbd63eca-216f-4271-b0b8-4d945dba6240,2025-10-25 06:46:04
51987983,(주)진 제어 및 프로그래밍 경력 채용,(주)진,경북경산시,신입·경력,석사↑,~ 12/08(월),https://www.saramin.co.kr/zf_user/jobs/relay/view?view_type=search&rec_idx=51987983&location=ts&searchType=search&paid_fl=n&search_uuid=dbd63eca-216f-4271-b0b8-4d945dba6240,2025-10-25 06:46:04
51960518,한양정밀 본사 각 사업부 사무직 및 생산직 직원 채용,(주)한양정밀,경기김포시,신입·경력,초대졸↑,~ 10/31(금),https://www.saramin.co.kr/zf_user/jobs/relay/view?view_type=search&rec_idx=51960518&location=ts&searchType=search&paid_fl=n&search_uuid=dbd63eca-216f-4271-b0b8-4d945dba6240,2025-10-25 06:46:04
51974881,레디로버스트머신 IoT & Mobile machine Solutions Team팀 채용,레디로버스트머신(주),부산전체,경력무관,대졸↑,~ 11/01(토),https://www.saramin.co.kr/zf_user/jobs/relay/view?view_type=search&rec_idx=51974881&location=ts&searchType=search&paid_fl=n&search_uuid=dbd63eca-216f-4271-b0b8-4d945dba6240,2025-10-25 06:46:04
51968611,로봇엔지니어 신입/경력 (산업용 로봇 경력 우대),(주)일렉트릭스,부산강서구,신입·경력,학력무관,채용시,https://www.saramin.co.kr/zf_user/jobs/relay/view?view_type=search&rec_idx=51968611&location=ts&searchType=search&paid_fl=n&search_uuid=dbd63eca-216f-4271-b0b8-4d945dba6240,2025-10-25 06:46:04
51964121,하드웨어 엔지니어 및 수리원 정규직 모집  (대구지사),(주)젤루텍,대구북구,경력무관,고졸↑,~ 10/31(금),https://www.saramin.co.kr/zf_user/jobs/relay/view?view_type=search&rec_idx=51964121&location=ts&searchType=search&paid_fl=n&search_uuid=dbd63eca-216f-4271-b0b8-4d945dba6240,2025-10-25 06:46:04
51961482,[창원]  전산장비 OA 유지보수,올넷피아(주),경남창원시,경력무관,초대졸↑,~ 10/31(금),https://www.saramin.co.kr/zf_user/jobs/relay/view?view_type=search&rec_idx=51961482&location=ts&searchType=search&paid_fl=n&search_uuid=dbd63eca-216f-4271-b0b8-4d945dba6240,2025-10-25 06:46:04
51701741,[정규직] 교통관제/영상분석 시스템 구축 및 유지보수 엔지니어,(주)송우인포텍,경남진주시,경력무관,학력무관,채용시,https://www.saramin.co.kr/zf_user/jobs/relay/view?view_type=search&rec_idx=51701741&location=ts&searchType=search&paid_fl=n&search_uuid=dbd63eca-216f-4271-b0b8-4d945dba6240,2025-10-25 06:46:04
51953275,AI 기반 자동화 전문가 모집  (효율화 프로젝트 핵심포지션),옆커폰(주),대구달서구,경력무관,초대졸↑,상시채용,https://www.saramin.co.kr/zf_user/jobs/relay/view?view_type=search&rec_idx=51953275&location=ts&searchType=search&paid_fl=n&search_uuid=dbd63eca-216f-4271-b0b8-4d945dba6240,2025-10-25 06:46:04
51944050,FLUTTER 및 NODE.JS 개발자 모집,얼웨이즈,대구중구,경력무관,학력무관,~ 10/29(수),https://www.saramin.co.kr/zf_user/jobs/relay/view?view_type=search&rec_idx=51944050&location=ts&searchType=search&paid_fl=n&search_uuid=dbd63eca-216f-4271-b0b8-4d945dba6240,2025-10-25 06:46:04
51939197,KT 인터넷 및 전화 통신 개통/AS 엔지니어 모집공고,(주)우주씨앤티,대구수성구,경력무관,학력무관,~ 11/28(금),https://www.saramin.co.kr/zf_user/jobs/relay/view?view_type=search&rec_idx=51939197&location=ts&searchType=search&paid_fl=n&search_uuid=dbd63eca-216f-4271-b0b8-4d945dba6240,2025-10-25 06:46:04
51935268,(주)다온더케어 풀스택 개발자 채용,(주)다온더케어,경남창원시 의창구,경력무관,학력무관,~ 11/26(수),https://www.saramin.co.kr/zf_user/jobs/relay/view?view_type=search&rec_idx=51935268&location=ts&searchType=search&paid_fl=n&search_uuid=dbd63eca-216f-4271-b0b8-4d945dba6240,2025-10-25 06:46:04
51929559,[바이오링크] 인공지능(AI) 개발자 정규직 모집공고 (대구),바이오링크(주),대구달서구,경력무관,석사↑,내일마감,https://www.saramin.co.kr/zf_user/jobs/relay/view?view_type=search&rec_idx=51929559&location=ts&searchType=search&paid_fl=n&search_uuid=dbd63eca-216f-4271-b0b8-4d945dba6240,2025-10-25 06:46:04
51926590,IT팀 정규직 채용,한호산업(주),울산전체,신입·경력,초대졸↑,~ 11/25(화),https://www.saramin.co.kr/zf_user/jobs/relay/view?view_type=search&rec_idx=51926590&location=ts&searchType=search&paid_fl=n&search_uuid=dbd63eca-216f-4271-b0b8-4d945dba6240,2025-10-25 06:46:04
51921612,소프트웨어 백엔드 개발자(신입/경력),(주)엔스퀘어,경남진주시,경력무관,대졸↑,오늘마감,https://www.saramin.co.kr/zf_user/jobs/relay/view?view_type=search&rec_idx=51921612&location=ts&searchType=search&paid_fl=n&search_uuid=dbd63eca-216f-4271-b0b8-4d945dba6240,2025-10-25 06:46:04
51918005,[아라소프트(주)] 개발 및 유지보수 담당자(진주근무),아라소프트(주),경남진주시,신입·경력,학력무관,오늘마감,https://www.saramin.co.kr/zf_user/jobs/relay/view?view_type=search&rec_idx=51918005&location=ts&searchType=search&paid_fl=n&search_uuid=dbd63eca-216f-4271-b0b8-4d945dba6240,2025-10-25 06:46:04
51897183,백엔드 개발자 모집합니다.[경력무관],위미르(주),경남창원시,경력무관,대졸↑,~ 11/22(토),https://www.saramin.co.kr/zf_user/jobs/relay/view?view_type=search&rec_idx=51897183&location=ts&searchType=search&paid_fl=n&search_uuid=dbd63eca-216f-4271-b0b8-4d945dba6240,2025-10-25 06:46:04
51894365,[로봇제어] 매니퓰레이터 제어 및 알고리즘 개발,(주)코어로보틱스,부산기장군,신입·경력,대졸↑,~ 11/21(금),https://www.saramin.co.kr/zf_user/jobs/relay/view?view_type=search&rec_idx=51894365&location=ts&searchType=search&paid_fl=n&search_uuid=dbd63eca-216f-4271-b0b8-4d945dba6240,2025-10-25 06:46:04
51892039,휴랜울산주식회사 스마트 안전관리 시스템 구축 및 운영,휴랜울산주식회사,울산전체,경력무관,학력무관,채용시,https://www.saramin.co.kr/zf_user/jobs/relay/view?view_type=search&rec_idx=51892039&location=ts&searchType=search&paid_fl=n&search_uuid=dbd63eca-216f-4271-b0b8-4d945dba6240,2025-10-25 06:46:04
51882951,(주)리노인포텍 데이터 엔지니어 및 DB관리자 채용,(주)리노인포텍,부산해운대구,경력무관,학력무관,상시채용,https://www.saramin.co.kr/zf_user/jobs/relay/view?view_type=search&rec_idx=51882951&location=ts&searchType=search&paid_fl=n&search_uuid=dbd63eca-216f-4271-b0b8-4d945dba6240,2025-10-25 06:46:04
51826621,"자동화 응용프로그램 설계 및 제작(C계열,인공지능)",유징테크(주),경북포항시 남구,경력무관,대졸↑,~ 11/14(금),https://www.saramin.co.kr/zf_user/jobs/relay/view?view_type=search&rec_idx=51826621&location=ts&searchType=search&paid_fl=n&search_uuid=dbd63eca-216f-4271-b0b8-4d945dba6240,2025-10-25 06:46:04
51802505,[대전] 웹 개발 프로그래머 채용 공고 (상주),케이엘정보통신(주) 대전지점,대전유성구,신입·경력,초대졸↑,~ 11/10(월),https://www.saramin.co.kr/zf_user/jobs/relay/view?view_type=search&rec_idx=51802505&location=ts&searchType=search&paid_fl=n&search_uuid=dbd63eca-216f-4271-b0b8-4d945dba6240,2025-10-25 06:46:04
51781646,선박의 항해/통신장비 설치/수리/검사업무 관련 엔지니어 모집,두성선박전자(주),부산사하구,경력무관,고졸↑,~ 11/08(토),https://www.saramin.co.kr/zf_user/jobs/relay/view?view_type=search&rec_idx=51781646&location=ts&searchType=search&paid_fl=n&search_uuid=dbd63eca-216f-4271-b0b8-4d945dba6240,2025-10-25 06:46:04
51723083,㈜설텍 전력 전자 하드웨어 개발자 모집,㈜설텍,대구달서구,경력무관,대졸↑,채용시,https://www.saramin.co.kr/zf_user/jobs/relay/view?view_type=search&rec_idx=51723083&location=ts&searchType=search&paid_fl=n&search_uuid=dbd63eca-216f-4271-b0b8-4d945dba6240,2025-10-25 06:46:04
51720090,기술연구소 연구원 모집(인공지능 영상처리 및 자연어처리),지엔소프트(주),대전유성구,경력무관,대졸↑,~ 11/01(토),https://www.saramin.co.kr/zf_user/jobs/relay/view?view_type=search&rec_idx=51720090&location=ts&searchType=search&paid_fl=n&search_uuid=dbd63eca-216f-4271-b0b8-4d945dba6240,2025-10-25 06:46:04
52030219,2025년 선진 대규모 신입/경력 채용,(주)선진,대구전체,신입·경력,대졸↑,~ 10/28(화),https://www.saramin.co.kr/zf_user/jobs/relay/view?view_type=search&rec_idx=52030219&location=ts&searchType=search&paid_fl=n&search_uuid=dbd63eca-216f-4271-b0b8-4d945dba6240,2025-10-25 06:46:04
52130765,2025년도 하반기 정기채용 모집요강,(주)파멕스,경남양산시,신입·경력,고졸↑,~ 11/09(일),https://www.saramin.co.kr/zf_user/jobs/relay/view?view_type=search&rec_idx=52130765&location=ts&searchType=search&paid_fl=n&search_uuid=dbd63eca-216f-4271-b0b8-4d945dba6240,2025-10-25 06:46:04
52116640,2025년 린나이코리아(주) 하반기 채용,린나이코리아(주),대전전체,신입·경력,초대졸↑,~ 11/04(화),https://www.saramin.co.kr/zf_user/jobs/relay/view?view_type=search&rec_idx=52116640&location=ts&searchType=search&paid_fl=n&search_uuid=dbd63eca-216f-4271-b0b8-4d945dba6240,2025-10-25 06:46:04
51929297,기술연구소(RF설계) 신입 및 경력 채용공고,(주)디지트론,경기성남시 수정구,신입·경력,학력무관,~ 12/09(화),https://www.saramin.co.kr/zf_user/jobs/relay/view?view_type=search&rec_idx=51929297&location=ts&searchType=search&paid_fl=n&search_uuid=dbd63eca-216f-4271-b0b8-4d945dba6240,2025-10-25 06:46:04
51511540,"연구부문(H/W설계,자재관리), 경영지원(구매), 생산부문, 품질보증 채용,사업부문(원가) 채용",(주)디지트론,경기성남시 수정구,신입·경력,학력무관,~ 11/07(금),https://www.saramin.co.kr/zf_user/jobs/relay/view?view_type=search&rec_idx=51511540&location=ts&searchType=search&paid_fl=n&search_uuid=dbd63eca-216f-4271-b0b8-4d945dba6240,2025-10-25 06:46:04
51928527,2025 부문별 공개채용,정우산기(주),충남천안시 동남구,신입·경력,학력무관,오늘마감,https://www.saramin.co.kr/zf_user/jobs/relay/view?view_type=search&rec_idx=51928527&location=ts&searchType=search&paid_fl=n&search_uuid=87cec521-9180-4c3d-96ce-a7f499c8ea05,2025-10-25 06:46:06
51879911,"네트워크,방화벽 신입 엔지니어로 근무할 가족을 찾습니다.",(주)블루오션정보통신,대전대덕구,신입,학력무관,채용시,https://www.saramin.co.kr/zf_user/jobs/relay/view?view_type=search&rec_idx=51879911&location=ts&searchType=search&paid_fl=n&search_uuid=87cec521-9180-4c3d-96ce-a7f499c8ea05,2025-10-25 06:46:06
52078591,[25년 하반기] 태산홀딩스(주) 개발자 모집공고,태산홀딩스(주),대구수성구,경력무관,학력무관,~ 11/18(화),https://www.saramin.co.kr/zf_user/jobs/relay/view?view_type=search&rec_idx=52078591&location=ts&searchType=search&paid_fl=n&search_uuid=87cec521-9180-4c3d-96ce-a7f499c8ea05,2025-10-25 06:46:06
51652619,동진이공㈜ 각 부문별 신입/경력 채용,동진이공(주),경북경주시,경력무관,대졸↑,오늘마감,https://www.saramin.co.kr/zf_user/jobs/relay/view?view_type=search&rec_idx=51652619&location=ts&searchType=search&paid_fl=n&search_uuid=87cec521-9180-4c3d-96ce-a7f499c8ea05,2025-10-25 06:46:06
